Fare_s,SibSp_s,Parch_s,Name_S,Age_mean_s
-0.5024451714361923,0.4327933656785018,-0.4736736092984604,-0.4274512701485322,-0.597054779764735
0.7868452935884461,0.4327933656785018,-0.4736736092984604,2.590962057806627,0.6341622943598799
-0.4888542575852486,-0.47454519624983954,-0.4736736092984604,-0.5352517461469307,-0.2892505112335812
0.4207302360686478,0.4327933656785018,-0.4736736092984604,1.836358725817837,0.4033090929615146
-0.4863374216869257,-0.47454519624983954,-0.4736736092984604,-0.31965079415013364,0.4033090929615146
-0.47811642890864375,-0.47454519624983954,-0.4736736092984604,-1.182054602137322,0.018553757297572488
0.395813560675251,-0.47454519624983954,-0.4736736092984604,-0.4274512701485322,1.8653793684844948
-0.22408312108167944,2.2474704895351842,0.7676298785983874,0.3271520618402576,-2.1360761224205036
-0.4242561406845337,-0.47454519624983954,2.0089333664952354,2.37536110580983,-0.2122994441007928
-0.04295550208861426,0.4327933656785018,-0.4736736092984604,0.8661544418322503,-1.2126633168270424
-0.312172377522981,0.4327933656785018,0.7676298785983874,0.4349525378386561,-1.9821739881549265
-0.11384570873513637,-0.47454519624983954,-0.4736736092984604,-0.31965079415013364,2.1731836370156485
-0.4863374216869257,-0.47454519624983954,-0.4736736092984604,0.3271520618402576,-0.7509569140303118
-0.01870931177853076,0.4327933656785018,5.73284383018578,0.003750633845061978,0.7111133614926683
-0.4902797934380587,-0.47454519624983954,-0.4736736092984604,0.9739549178306488,-1.2126633168270424
-0.3262666585535892,-0.47454519624983954,-0.4736736092984604,0.5427530138370547,1.9423304356172832
-0.06199888922968463,3.1548090514635256,0.7676298785983874,-0.7508526981437278,-2.1360761224205036
-0.3866707201133388,-0.47454519624983954,-0.4736736092984604,0.11155110984346052,0.018553757297572488
-0.2859972841804228,0.4327933656785018,-0.4736736092984604,3.022163961800221,0.09550482443036092
-0.5029485386158568,-0.47454519624983954,-0.4736736092984604,-0.4274512701485322,0.018553757297572488
-0.12491978668775715,-0.47454519624983954,-0.4736736092984604,-0.7508526981437278,0.4033090929615146
-0.3866707201133388,-0.47454519624983954,-0.4736736092984604,-0.6430522221453293,0.3263580258287262
-0.4867562231804066,-0.47454519624983954,-0.4736736092984604,0.003750633845061978,-1.135712249694254
0.06635974158478332,-0.47454519624983954,-0.4736736092984604,0.11155110984346052,-0.13534837696800436
-0.22408312108167944,2.2474704895351842,0.7676298785983874,0.21935158584185907,-1.674369719623773
-0.016444159470040135,0.4327933656785018,5.73284383018578,3.2377649137970184,0.6341622943598799
-0.5029485386158568,-0.47454519624983954,-0.4736736092984604,-0.4274512701485322,0.018553757297572488
4.647001076532463,2.2474704895351842,2.0089333664952354,0.3271520618402576,-0.8279079811631002
-0.48977642625839407,-0.47454519624983954,-0.4736736092984604,0.21935158584185907,0.018553757297572488
-0.4894421904510968,-0.47454519624983954,-0.4736736092984604,-0.8586531741421264,0.018553757297572488
-0.09027201697708476,-0.47454519624983954,-0.4736736092984604,-0.31965079415013364,0.7880644286254568
2.301728820789,0.4327933656785018,-0.4736736092984604,2.0519596778146343,0.018553757297572488
-0.49237782784290063,-0.47454519624983954,-0.4736736092984604,-0.31965079415013364,0.018553757297572488
-0.43700743807979686,-0.47454519624983954,-0.4736736092984604,-0.6430522221453293,2.7887921740779555
1.0060617003323709,0.4327933656785018,-0.4736736092984604,-0.4274512701485322,-0.13534837696800436
0.39858208016340624,0.4327933656785018,-0.4736736092984604,0.3271520618402576,0.9419665628910336
-0.5028639729296732,-0.47454519624983954,-0.4736736092984604,-1.182054602137322,0.018553757297572488
-0.4863374216869257,-0.47454519624983954,-0.4736736092984604,-0.31965079415013364,-0.6740058468975234
-0.2859972841804228,1.340131927606843,-0.4736736092984604,0.7583539658338517,-0.9048590482958886
-0.42207354059350805,0.4327933656785018,-0.4736736092984604,0.003750633845061978,-1.2126633168270424
-0.4576454924460446,0.4327933656785018,-0.4736736092984604,2.0519596778146343,0.7880644286254568
-0.22559322262067316,0.4327933656785018,-0.4736736092984604,3.1299644377986198,-0.2122994441007928
-0.4894421904510968,-0.47454519624983954,-0.4736736092984604,-0.8586531741421264,0.018553757297572488
0.18876253192945994,0.4327933656785018,2.0089333664952354,1.405156821824243,-2.059125055287715
-0.48977642625839407,-0.47454519624983954,-0.4736736092984604,0.21935158584185907,-0.8279079811631002
-0.4863374216869257,-0.47454519624983954,-0.4736736092984604,-0.31965079415013364,0.018553757297572488
-0.3363340021468808,0.4327933656785018,-0.4736736092984604,-1.0742541261389233,0.018553757297572488
-0.49237782784290063,-0.47454519624983954,-0.4736736092984604,-0.2118503181517351,0.018553757297572488
-0.21191774308354583,1.340131927606843,-0.4736736092984604,-0.8586531741421264,0.018553757297572488
-0.29002422161773944,0.4327933656785018,-0.4736736092984604,1.9441592018162357,-0.9048590482958886
0.1506737441786005,3.1548090514635256,0.7676298785983874,-0.10404984215333657,-1.7513207867565614
-0.4913710934835715,-0.47454519624983954,-0.4736736092984604,0.11155110984346052,-0.6740058468975234
0.8964967865378598,0.4327933656785018,-0.4736736092984604,1.405156821824243,1.4806240328205527
-0.12491978668775715,0.4327933656785018,-0.4736736092984604,2.483161581808228,-0.05839730983521594
0.5995101505357573,-0.47454519624983954,0.7676298785983874,0.3271520618402576,2.711841106945167
0.06635974158478332,-0.47454519624983954,-0.4736736092984604,-1.0742541261389233,0.018553757297572488
-0.43700743807979686,-0.47454519624983954,-0.4736736092984604,-1.0742541261389233,-0.6740058468975234
-0.5028639729296732,-0.47454519624983954,-0.4736736092984604,-0.8586531741421264,-0.09687284340161015
-0.08968408411123653,0.4327933656785018,2.0089333664952354,0.11155110984346052,-1.9052229210221383
0.2958951755118318,4.0621476133918675,2.0089333664952354,0.7583539658338517,-1.4435165182254077
-0.5028639729296732,-0.47454519624983954,-0.4736736092984604,-0.6430522221453293,-0.597054779764735
0.962353321387736,-0.47454519624983954,-0.4736736092984604,-0.8586531741421264,0.6341622943598799
1.0323213593611125,0.4327933656785018,-0.4736736092984604,0.003750633845061978,1.172819764289399
-0.08666388103324908,2.2474704895351842,2.0089333664952354,-0.6430522221453293,-1.9821739881549265
-0.09027201697708476,-0.47454519624983954,-0.4736736092984604,-0.6430522221453293,0.018553757297572488
-0.3414522396297103,0.4327933656785018,0.7676298785983874,-0.31965079415013364,0.018553757297572488
-0.43700743807979686,-0.47454519624983954,-0.4736736092984604,0.11155110984346052,-0.05839730983521594
-0.4841568350646187,-0.47454519624983954,-0.4736736092984604,-0.31965079415013364,-0.8279079811631002
-0.4888542575852486,3.1548090514635256,2.0089333664952354,0.4349525378386561,-0.981810115428677
-0.47400492578514347,1.340131927606843,-0.4736736092984604,-1.0742541261389233,-0.2892505112335812
-0.43700743807979686,-0.47454519624983954,-0.4736736092984604,-0.10404984215333657,0.17245589156314933
0.2958951755118318,4.0621476133918675,2.0089333664952354,-0.10404984215333657,-1.0587611825614656
0.8314778546749452,-0.47454519624983954,-0.4736736092984604,-0.7508526981437278,-0.6740058468975234
-0.3573908580066095,0.4327933656785018,-0.4736736092984604,0.003750633845061978,-0.2892505112335812
0.48910360681684706,-0.47454519624983954,-0.4736736092984604,-1.5054560301325175,0.17245589156314933
-0.494391296561559,-0.47454519624983954,-0.4736736092984604,-0.4274512701485322,-0.36620157836636963
-0.4894421904510968,-0.47454519624983954,-0.4736736092984604,-1.0742541261389233,0.018553757297572488
-0.4863374216869257,-0.47454519624983954,-0.4736736092984604,-0.31965079415013364,0.018553757297572488
-0.06451572512800753,-0.47454519624983954,2.0089333664952354,0.21935158584185907,-2.226108870965866
-0.397241430886295,-0.47454519624983954,-0.4736736092984604,-0.31965079415013364,0.018553757297572488
-0.46720946885967163,-0.47454519624983954,-0.4736736092984604,-0.7508526981437278,-0.597054779764735
-0.45714212526638004,-0.47454519624983954,-0.4736736092984604,0.003750633845061978,-0.05839730983521594
-0.49162277707340374,-0.47454519624983954,-0.4736736092984604,0.3271520618402576,0.018553757297572488
0.29992211294914856,-0.47454519624983954,-0.4736736092984604,-0.4274512701485322,-0.13534837696800436
-0.43700743807979686,-0.47454519624983954,-0.4736736092984604,-0.8586531741421264,-0.981810115428677
-0.32928686163157667,2.2474704895351842,-0.4736736092984604,3.022163961800221,0.24940695869593776
0.04370821849987721,0.4327933656785018,3.250236854392083,-0.5352517461469307,-1.0587611825614656
-0.4863374216869257,-0.47454519624983954,-0.4736736092984604,0.21935158584185907,0.018553757297572488
4.647001076532463,2.2474704895351842,2.0089333664952354,-0.10404984215333657,-0.5201037126319465
-0.4863374216869257,-0.47454519624983954,-0.4736736092984604,-0.5352517461469307,-0.44315264549915806
-0.4863374216869257,-0.47454519624983954,-0.4736736092984604,-0.7508526981437278,-0.05839730983521594
-0.4902797934380587,-0.47454519624983954,-0.4736736092984604,-0.10404984215333657,-0.7509569140303118
0.5833178351003071,0.4327933656785018,-0.4736736092984604,0.003750633845061978,1.2497708314221874
-0.23415046467497105,0.4327933656785018,2.0089333664952354,-0.4274512701485322,-0.2892505112335812
-0.5024451714361923,-0.47454519624983954,-0.4736736092984604,-1.0742541261389233,2.250134704148437
-0.4863374216869257,-0.47454519624983954,-0.4736736092984604,0.003750633845061978,0.018553757297572488
0.0493298231623713,-0.47454519624983954,-0.4736736092984604,-0.2118503181517351,3.1735475097418977
0.6272778976347743,-0.47454519624983954,0.7676298785983874,0.4349525378386561,-0.5201037126319465
-0.18532384824750675,-0.47454519624983954,0.7676298785983874,0.9739549178306488,0.3263580258287262
-0.12491978668775715,0.4327933656785018,-0.4736736092984604,-1.0742541261389233,0.3263580258287262
-0.4894421904510968,-0.47454519624983954,-0.4736736092984604,-0.4274512701485322,-0.13534837696800436
-0.4894421904510968,-0.47454519624983954,-0.4736736092984604,0.5427530138370547,0.018553757297572488
0.907737982394129,-0.47454519624983954,0.7676298785983874,-0.2118503181517351,-0.6740058468975234
-0.4741720436887921,-0.47454519624983954,-0.4736736092984604,-0.10404984215333657,0.24940695869593776
-0.4888542575852486,1.340131927606843,-0.4736736092984604,0.3271520618402576,0.5572112272270915
-0.4894421904510968,-0.47454519624983954,-0.4736736092984604,-0.6430522221453293,-0.13534837696800436
-0.494391296561559,-0.47454519624983954,-0.4736736092984604,0.5427530138370547,-0.6740058468975234
-0.4918744606632361,-0.47454519624983954,-0.4736736092984604,-0.5352517461469307,0.018553757297572488
-0.4894421904510968,-0.47454519624983954,-0.4736736092984604,-1.2898550781357205,0.6341622943598799
-0.1621689579829361,0.4327933656785018,-0.4736736092984604,-0.8586531741421264,0.018553757297572488
0.39858208016340624,-0.47454519624983954,-0.4736736092984604,0.3271520618402576,1.3267218985549758
-0.3573908580066095,0.4327933656785018,-0.4736736092984604,-0.7508526981437278,-1.1741877832606482
-0.4863374216869257,-0.47454519624983954,-0.4736736092984604,-0.5352517461469307,-0.597054779764735
-0.4505983519307405,0.4327933656785018,-0.4736736092984604,-0.4274512701485322,-0.7509569140303118
-0.3573083057891445,-0.47454519624983954,-0.4736736092984604,-0.6430522221453293,-0.981810115428677
-0.4888542575852486,-0.47454519624983954,-0.4736736092984604,-0.6430522221453293,-0.6740058468975234
-0.49237782784290063,-0.47454519624983954,-0.4736736092984604,-0.7508526981437278,3.1350719761755035
-0.22559322262067316,0.4327933656785018,-0.4736736092984604,0.4349525378386561,-0.05839730983521594
4.335332226633905,-0.47454519624983954,0.7676298785983874,-0.31965079415013364,-0.44315264549915806
-0.01870931177853076,3.1548090514635256,2.0089333664952354,0.6505534898354532,-2.1360761224205036
0.8314778546749452,1.340131927606843,-0.4736736092984604,0.003750633845061978,-0.6740058468975234
-0.4863374216869257,-0.47454519624983954,-0.4736736092984604,-0.10404984215333657,0.018553757297572488
-0.04295550208861426,0.4327933656785018,-0.4736736092984604,-0.7508526981437278,0.21093142512954355
-0.3866707201133388,-0.47454519624983954,-0.4736736092984604,-0.8586531741421264,0.21093142512954355
0.907737982394129,-0.47454519624983954,0.7676298785983874,0.003750633845061978,1.8653793684844948
-0.42207354059350805,0.4327933656785018,-0.4736736092984604,0.11155110984346052,-1.3665654510926193
-0.49237782784290063,-0.47454519624983954,-0.4736736092984604,-0.8586531741421264,0.018553757297572488
-0.5046257580584992,-0.47454519624983954,-0.4736736092984604,-0.2118503181517351,-0.44315264549915806
-0.19824427701513722,0.4327933656785018,0.7676298785983874,-1.0742541261389233,0.018553757297572488
-0.5079822104125026,-0.47454519624983954,-0.4736736092984604,-0.9664536501405249,1.172819764289399
-0.4894421904510968,-0.47454519624983954,-0.4736736092984604,-0.7508526981437278,0.24940695869593776
-0.5064721088735089,-0.47454519624983954,-0.4736736092984604,0.3271520618402576,-0.7509569140303118
-0.35646868933346404,0.4327933656785018,-0.4736736092984604,2.0519596778146343,1.3267218985549758
-0.12491978668775715,0.4327933656785018,-0.4736736092984604,1.9441592018162357,-0.05839730983521594
-0.3866707201133388,-0.47454519624983954,-0.4736736092984604,0.3271520618402576,-0.36620157836636963
-0.3454791770670269,-0.47454519624983954,-0.4736736092984604,-0.9664536501405249,-0.5201037126319465
-0.11921562980779811,-0.47454519624983954,2.0089333664952354,0.11155110984346052,-0.8279079811631002
0.4207302360686478,0.4327933656785018,-0.4736736092984604,0.003750633845061978,0.5572112272270915
-0.4628462821463391,-0.47454519624983954,-0.4736736092984604,-0.8586531741421264,-1.0587611825614656
0.9462455716384695,-0.47454519624983954,-0.4736736092984604,-0.9664536501405249,-0.44315264549915806
-0.3414522396297103,-0.47454519624983954,2.0089333664952354,0.21935158584185907,0.018553757297572488
-0.49237782784290063,-0.47454519624983954,-0.4736736092984604,-0.31965079415013364,-0.597054779764735
-0.32928686163157667,0.4327933656785018,-0.4736736092984604,2.6987625338050254,-0.44315264549915806
-0.5125125150294839,-0.47454519624983954,-0.4736736092984604,-0.8586531741421264,-0.8279079811631002
-0.41687275089321363,-0.47454519624983954,-0.4736736092984604,-0.10404984215333657,-0.9048590482958886
0.09152810056801232,0.4327933656785018,0.7676298785983874,0.11155110984346052,-0.8279079811631002
-0.49145565916975514,-0.47454519624983954,-0.4736736092984604,1.836358725817837,-0.2122994441007928
0.04370821849987721,1.340131927606843,2.0089333664952354,0.5427530138370547,-1.5974186524909846
-0.12491978668775715,-0.47454519624983954,2.0089333664952354,1.405156821824243,0.5187356936606973
-0.3866707201133388,-0.47454519624983954,-0.4736736092984604,0.6505534898354532,0.9419665628910336
-0.39623469652696586,-0.47454519624983954,-0.4736736092984604,-0.10404984215333657,1.6345261670861295
0.6925485130875209,0.4327933656785018,-0.4736736092984604,0.6505534898354532,-0.597054779764735
-0.4863374216869257,-0.47454519624983954,-0.4736736092984604,-1.182054602137322,1.9808059691836775
-0.35646868933346404,-0.47454519624983954,2.0089333664952354,0.4349525378386561,0.826539962191851
-0.5011867534870308,-0.47454519624983954,-0.4736736092984604,-0.6430522221453293,0.018553757297572488
0.5874293382238074,-0.47454519624983954,0.7676298785983874,0.003750633845061978,1.6345261670861295
-0.49271407711891657,-0.47454519624983954,-0.4736736092984604,0.5427530138370547,-1.0587611825614656
-0.4863374216869257,-0.47454519624983954,-0.4736736092984604,-1.2898550781357205,0.018553757297572488
-0.47400492578514347,-0.47454519624983954,-0.4736736092984604,-0.8586531741421264,0.018553757297572488
0.7519458402879414,6.784163299176891,2.0089333664952354,-0.10404984215333657,0.018553757297572488
-0.32425318983493084,-0.47454519624983954,0.7676298785983874,-0.31965079415013364,1.0958686971566105
-0.331300330350235,-0.47454519624983954,-0.4736736092984604,2.483161581808228,0.7880644286254568
-0.4918744606632361,-0.47454519624983954,-0.4736736092984604,-0.10404984215333657,-0.2892505112335812
-0.47400492578514347,-0.47454519624983954,-0.4736736092984604,-1.2898550781357205,-0.981810115428677
0.1506737441786005,3.1548090514635256,0.7676298785983874,0.11155110984346052,-2.213027189553292
-0.2351571990343002,-0.47454519624983954,2.0089333664952354,2.159760153813033,-1.5974186524909846
0.4589861417231558,-0.47454519624983954,0.7676298785983874,1.189555869827446,0.018553757297572488
-0.08666388103324908,0.4327933656785018,4.491540342288931,2.159760153813033,1.172819764289399
-0.12642988822675086,-0.47454519624983954,-0.4736736092984604,-0.8586531741421264,0.018553757297572488
0.48910360681684706,-0.47454519624983954,-0.4736736092984604,-1.5054560301325175,-0.13534837696800436
0.026090367211616904,-0.47454519624983954,-0.4736736092984604,-0.2118503181517351,2.404036838414014
-0.06199888922968463,3.1548090514635256,0.7676298785983874,-0.7508526981437278,-1.9821739881549265
-0.4242561406845337,0.4327933656785018,0.7676298785983874,0.11155110984346052,-2.213027189553292
-0.4888542575852486,-0.47454519624983954,-0.4736736092984604,-0.2118503181517351,-0.6740058468975234
-0.030371322596999754,-0.47454519624983954,-0.4736736092984604,-0.4274512701485322,2.0192815027500717
-0.4902797934380587,0.4327933656785018,0.7676298785983874,-0.5352517461469307,-0.9048590482958886
-0.13565761536436197,2.2474704895351842,0.7676298785983874,0.21935158584185907,0.018553757297572488
-0.07030444769415023,-0.47454519624983954,-0.4736736092984604,-0.10404984215333657,1.557575099953341
-0.3866707201133388,-0.47454519624983954,-0.4736736092984604,-0.9664536501405249,0.018553757297572488
-0.6484216535389205,-0.47454519624983954,-0.4736736092984604,-0.8586531741421264,0.48026016009430306
0.7519458402879414,6.784163299176891,2.0089333664952354,0.11155110984346052,0.018553757297572488
-0.34539461138084326,-0.47454519624983954,-0.4736736092984604,-1.182054602137322,0.018553757297572488
-0.016444159470040135,3.1548090514635256,2.0089333664952354,1.0817553938290474,-1.5974186524909846
0.13683114673782454,1.340131927606843,0.7676298785983874,-0.2118503181517351,-2.213027189553292
-0.20495516825442542,-0.47454519624983954,2.0089333664952354,0.8661544418322503,-1.9821739881549265
0.3583127057902398,-0.47454519624983954,-0.4736736092984604,-0.6430522221453293,0.018553757297572488
-0.3363340021468808,0.4327933656785018,-0.4736736092984604,2.159760153813033,0.018553757297572488
-0.11384570873513637,-0.47454519624983954,-0.4736736092984604,1.9441592018162357,1.172819764289399
-0.3363340021468808,0.4327933656785018,0.7676298785983874,-1.182054602137322,0.7880644286254568
-0.4894421904510968,-0.47454519624983954,-0.4736736092984604,-0.8586531741421264,0.48026016009430306
-0.3866707201133388,-0.47454519624983954,-0.4736736092984604,-0.8586531741421264,0.17245589156314933
-0.3866707201133388,-0.47454519624983954,-0.4736736092984604,-0.6430522221453293,-0.8279079811631002
-0.4902797934380587,0.4327933656785018,-0.4736736092984604,2.159760153813033,-0.8279079811631002
-0.12491978668775715,0.4327933656785018,0.7676298785983874,-0.10404984215333657,-2.059125055287715
-0.09027201697708476,-0.47454519624983954,-0.4736736092984604,1.5129572978226415,1.0958686971566105
2.301728820789,-0.47454519624983954,-0.4736736092984604,-0.7508526981437278,2.1731836370156485
-0.49237782784290063,-0.47454519624983954,-0.4736736092984604,-0.8586531741421264,0.018553757297572488
-0.47920571548543794,-0.47454519624983954,0.7676298785983874,0.5427530138370547,0.9419665628910336
-0.49237782784290063,-0.47454519624983954,-0.4736736092984604,0.5427530138370547,0.018553757297572488
-0.3866707201133388,-0.47454519624983954,-0.4736736092984604,1.189555869827446,-0.44315264549915806
-0.45714212526638004,-0.47454519624983954,-0.4736736092984604,0.3271520618402576,-0.13534837696800436
0.7519458402879414,6.784163299176891,2.0089333664952354,-0.8586531741421264,0.018553757297572488
-0.5176307525123133,-0.47454519624983954,-0.4736736092984604,-0.10404984215333657,0.3263580258287262
-0.5029485386158568,-0.47454519624983954,-0.4736736092984604,-0.7508526981437278,1.2112952978557932
-0.4863374216869257,-0.47454519624983954,-0.4736736092984604,-0.31965079415013364,-0.9048590482958886
-0.43776248884929375,-0.47454519624983954,0.7676298785983874,-0.10404984215333657,-2.1360761224205036
-0.32928686163157667,0.4327933656785018,-0.4736736092984604,-0.10404984215333657,0.17245589156314933
-0.2701412180209885,-0.47454519624983954,-0.4736736092984604,0.003750633845061978,-0.2892505112335812
-0.49237782784290063,-0.47454519624983954,-0.4736736092984604,-0.2118503181517351,-1.0587611825614656
-0.024246350754841113,-0.47454519624983954,-0.4736736092984604,-1.182054602137322,0.7880644286254568
-0.5064721088735089,-0.47454519624983954,-0.4736736092984604,-1.3976555541341191,-0.44315264549915806
-0.22559322262067316,-0.47454519624983954,-0.4736736092984604,-0.10404984215333657,0.4033090929615146
-0.5024451714361923,-0.47454519624983954,-0.4736736092984604,-0.5352517461469307,-0.597054779764735
-0.3866707201133388,-0.47454519624983954,-0.4736736092984604,0.003750633845061978,0.018553757297572488
-0.49237782784290063,0.4327933656785018,-0.4736736092984604,-0.8586531741421264,0.018553757297572488
1.6323350375212924,0.4327933656785018,-0.4736736092984604,-0.4274512701485322,0.09550482443036092
-0.4888542575852486,-0.47454519624983954,-0.4736736092984604,-0.5352517461469307,-0.2122994441007928
-0.10478509950117394,0.4327933656785018,-0.4736736092984604,0.11155110984346052,0.9419665628910336
0.8876878608937296,-0.47454519624983954,-0.4736736092984604,-0.6430522221453293,0.17245589156314933
-0.43700743807979686,-0.47454519624983954,-0.4736736092984604,-0.9664536501405249,0.018553757297572488
-0.4863374216869257,-0.47454519624983954,-0.4736736092984604,0.3271520618402576,-1.0587611825614656
-0.3866707201133388,-0.47454519624983954,-0.4736736092984604,-0.7508526981437278,-0.2122994441007928
-0.4863374216869257,-0.47454519624983954,-0.4736736092984604,-0.4274512701485322,1.6345261670861295
-0.4894421904510968,-0.47454519624983954,-0.4736736092984604,-0.7508526981437278,0.018553757297572488
1.163700193253568,0.4327933656785018,-0.4736736092984604,0.11155110984346052,0.6341622943598799
-0.4601623283443675,-0.47454519624983954,-0.4736736092984604,0.11155110984346052,-0.597054779764735
-0.43700743807979686,-0.47454519624983954,-0.4736736092984604,-0.2118503181517351,-0.8279079811631002
-0.5024451714361923,-0.47454519624983954,-0.4736736092984604,0.4349525378386561,-0.7124813804639176
-0.3866707201133388,-0.47454519624983954,-0.4736736092984604,-0.2118503181517351,-0.9048590482958886
-0.13565761536436197,2.2474704895351842,0.7676298785983874,-0.4274512701485322,0.018553757297572488
1.0323213593611125,0.4327933656785018,-0.4736736092984604,1.836358725817837,0.4033090929615146
-0.4918744606632361,-0.47454519624983954,-0.4736736092984604,-0.31965079415013364,-0.05839730983521594
-0.3766033765200472,-0.47454519624983954,-0.4736736092984604,-0.2118503181517351,2.250134704148437
-0.016444159470040135,3.1548090514635256,2.0089333664952354,0.3271520618402576,-1.9052229210221383
-0.43700743807979686,-0.47454519624983954,-0.4736736092984604,0.6505534898354532,-0.44315264549915806
-0.49640476528021726,-0.47454519624983954,-0.4736736092984604,0.11155110984346052,0.018553757297572488
-0.12491978668775715,0.4327933656785018,-0.4736736092984604,-1.0742541261389233,1.0958686971566105
-0.11988611489111134,-0.47454519624983954,2.0089333664952354,0.5427530138370547,-1.674369719623773
-0.43700743807979686,-0.47454519624983954,-0.4736736092984604,0.4349525378386561,-0.8279079811631002
-0.4012683683236117,-0.47454519624983954,-0.4736736092984604,-0.5352517461469307,0.24940695869593776
-0.3573908580066095,0.4327933656785018,-0.4736736092984604,-0.6430522221453293,0.018553757297572488
-0.3363340021468808,0.4327933656785018,-0.4736736092984604,0.3271520618402576,0.018553757297572488
-0.43700743807979686,-0.47454519624983954,-0.4736736092984604,0.4349525378386561,-0.05839730983521594
-0.5049620073345151,-0.47454519624983954,-0.4736736092984604,0.21935158584185907,-0.597054779764735
-0.5029485386158568,-0.47454519624983954,-0.4736736092984604,-0.7508526981437278,0.018553757297572488
1.163700193253568,1.340131927606843,-0.4736736092984604,0.003750633845061978,1.0958686971566105
-0.4918744606632361,-0.47454519624983954,-0.4736736092984604,1.0817553938290474,-0.36620157836636963
-0.35646868933346404,-0.47454519624983954,2.0089333664952354,0.4349525378386561,-0.44315264549915806
0.40974072380221066,0.4327933656785018,0.7676298785983874,0.21935158584185907,0.5572112272270915
-0.12491978668775715,0.4327933656785018,-0.4736736092984604,0.21935158584185907,1.8653793684844948
-0.5024451714361923,-0.47454519624983954,-0.4736736092984604,-0.5352517461469307,0.018553757297572488
-0.43776248884929375,0.4327933656785018,0.7676298785983874,1.6207577738210401,-0.05839730983521594
-0.11384570873513637,-0.47454519624983954,-0.4736736092984604,-0.2118503181517351,2.480987905546802
-0.32425318983493084,0.4327933656785018,-0.4736736092984604,-0.31965079415013364,0.018553757297572488
-0.2414492887801075,-0.47454519624983954,2.0089333664952354,1.405156821824243,0.8650154957582452
-0.3414522396297103,-0.47454519624983954,2.0089333664952354,1.2973563458258444,-0.05839730983521594
0.9462455716384695,-0.47454519624983954,-0.4736736092984604,0.3271520618402576,0.018553757297572488
1.093228788100527,-0.47454519624983954,-0.4736736092984604,-0.7508526981437278,0.018553757297572488
9.667166525013505,-0.47454519624983954,-0.4736736092984604,-1.182054602137322,0.4033090929615146
-0.12491978668775715,-0.47454519624983954,0.7676298785983874,0.003750633845061978,1.557575099953341
-0.49237782784290063,-0.47454519624983954,-0.4736736092984604,-1.0742541261389233,0.018553757297572488
-0.016444159470040135,3.1548090514635256,2.0089333664952354,0.6505534898354532,-2.059125055287715
0.955306180872432,0.4327933656785018,0.7676298785983874,-1.0742541261389233,1.711477234218918
-0.6484216535389205,-0.47454519624983954,-0.4736736092984604,-0.6430522221453293,0.7880644286254568
-0.49237782784290063,-0.47454519624983954,-0.4736736092984604,-0.9664536501405249,0.018553757297572488
-0.43700743807979686,-0.47454519624983954,-0.4736736092984604,-1.0742541261389233,0.48026016009430306
0.1506737441786005,3.1548090514635256,0.7676298785983874,-0.2118503181517351,-1.0587611825614656
-0.4918744606632361,0.4327933656785018,-0.4736736092984604,-0.31965079415013364,-0.36620157836636963
2.441497778832105,-0.47454519624983954,0.7676298785983874,1.9441592018162357,2.1731836370156485
2.0825124140450755,-0.47454519624983954,-0.4736736092984604,-0.5352517461469307,0.4033090929615146
-0.024246350754841113,-0.47454519624983954,-0.4736736092984604,-0.6430522221453293,0.018553757297572488
-0.6484216535389205,-0.47454519624983954,-0.4736736092984604,0.11155110984346052,-0.36620157836636963
-0.255795253400548,-0.47454519624983954,0.7676298785983874,1.5129572978226415,0.8650154957582452
-0.05042144409739929,-0.47454519624983954,0.7676298785983874,-0.6430522221453293,0.5572112272270915
-0.49237782784290063,-0.47454519624983954,-0.4736736092984604,-0.10404984215333657,0.018553757297572488
0.921244330558889,0.4327933656785018,-0.4736736092984604,0.6505534898354532,2.5579389726795903
-0.49237782784290063,-0.47454519624983954,-0.4736736092984604,0.6505534898354532,1.172819764289399
-0.6484216535389205,-0.47454519624983954,-0.4736736092984604,0.003750633845061978,0.018553757297572488
-0.06199888922968463,3.1548090514635256,0.7676298785983874,-0.9664536501405249,-1.7513207867565614
-0.24069423801061057,0.4327933656785018,0.7676298785983874,0.5427530138370547,0.4033090929615146
-0.49237782784290063,-0.47454519624983954,-0.4736736092984604,-1.182054602137322,2.711841106945167
-0.4902797934380587,-0.47454519624983954,-0.4736736092984604,0.5427530138370547,-0.13534837696800436
-0.45714212526638004,-0.47454519624983954,-0.4736736092984604,-0.2118503181517351,-1.0587611825614656
-0.4863374216869257,-0.47454519624983954,-0.4736736092984604,-0.10404984215333657,-0.8279079811631002
-0.12491978668775715,-0.47454519624983954,-0.4736736092984604,-0.10404984215333657,0.018553757297572488
-0.47400492578514347,-0.47454519624983954,-0.4736736092984604,-0.8586531741421264,0.24940695869593776
-0.45714212526638004,-0.47454519624983954,-0.4736736092984604,-0.4274512701485322,0.018553757297572488
-0.4894421904510968,-0.47454519624983954,-0.4736736092984604,-0.7508526981437278,-0.597054779764735
-0.3866707201133388,-0.47454519624983954,-0.4736736092984604,-0.7508526981437278,0.9419665628910336
-0.49237782784290063,-0.47454519624983954,-0.4736736092984604,-0.7508526981437278,-0.597054779764735
0.9391984311231651,-0.47454519624983954,-0.4736736092984604,0.11155110984346052,-0.2892505112335812
1.1854295476653287,0.4327933656785018,-0.4736736092984604,1.2973563458258444,-0.8279079811631002
-0.3891875560116617,-0.47454519624983954,-0.4736736092984604,-0.5352517461469307,0.48026016009430306
-0.4702296719376591,-0.47454519624983954,-0.4736736092984604,-0.8586531741421264,-0.44315264549915806
-0.4894421904510968,-0.47454519624983954,-0.4736736092984604,-1.182054602137322,-0.44315264549915806
-0.09027201697708476,-0.47454519624983954,-0.4736736092984604,-1.0742541261389233,0.018553757297572488
-0.5028639729296732,-0.47454519624983954,-0.4736736092984604,-0.9664536501405249,-0.4816281790655523
2.4029901895877646,0.4327933656785018,2.0089333664952354,0.11155110984346052,-2.1360761224205036
-0.034313694348132716,-0.47454519624983954,-0.4736736092984604,-0.6430522221453293,0.018553757297572488
4.335332226633905,-0.47454519624983954,0.7676298785983874,2.159760153813033,1.557575099953341
-0.49237782784290063,-0.47454519624983954,-0.4736736092984604,1.405156821824243,0.018553757297572488
-0.18029017645086096,1.340131927606843,-0.4736736092984604,-0.9664536501405249,0.018553757297572488
-0.6484216535389205,-0.47454519624983954,-0.4736736092984604,0.4349525378386561,-0.8279079811631002
-0.3997582667846179,-0.47454519624983954,-0.4736736092984604,-0.8586531741421264,0.018553757297572488
-0.4863374216869257,-0.47454519624983954,-0.4736736092984604,0.6505534898354532,0.018553757297572488
2.4029901895877646,0.4327933656785018,2.0089333664952354,0.3271520618402576,-2.219183274923915
1.5841789061771412,-0.47454519624983954,-0.4736736092984604,-0.4274512701485322,0.018553757297572488
1.5442457810799908,0.4327933656785018,-0.4736736092984604,5.932776813756981,-0.981810115428677
-0.16518916106092355,0.4327933656785018,-0.4736736092984604,-0.8586531741421264,0.018553757297572488
0.49782998024351216,-0.47454519624983954,-0.4736736092984604,0.3271520618402576,0.018553757297572488
1.0259447039291216,-0.47454519624983954,-0.4736736092984604,0.3271520618402576,-0.44315264549915806
4.634416897040849,1.340131927606843,2.0089333664952354,-0.10404984215333657,-0.9048590482958886
-0.12491978668775715,0.4327933656785018,0.7676298785983874,1.0817553938290474,-0.2892505112335812
-0.4894421904510968,-0.47454519624983954,-0.4736736092984604,-0.5352517461469307,-0.13534837696800436
-0.11988611489111134,0.4327933656785018,0.7676298785983874,-0.9664536501405249,1.018917630023822
-0.4902797934380587,-0.47454519624983954,-0.4736736092984604,0.4349525378386561,-0.2892505112335812
-0.12491978668775715,0.4327933656785018,-0.4736736092984604,0.8661544418322503,-0.44315264549915806
-0.36653603292675563,-0.47454519624983954,-0.4736736092984604,-0.7508526981437278,1.8653793684844948
2.671117778445337,-0.47454519624983954,2.0089333664952354,-0.31965079415013364,0.09550482443036092
2.059693773056521,0.4327933656785018,0.7676298785983874,3.1299644377986198,0.7880644286254568
-0.5024451714361923,-0.47454519624983954,-0.4736736092984604,-0.9664536501405249,-0.597054779764735
-0.4894421904510968,-0.47454519624983954,-0.4736736092984604,-1.182054602137322,-0.2122994441007928
-0.3997582667846179,-0.47454519624983954,-0.4736736092984604,-0.2118503181517351,0.018553757297572488
-0.06451572512800753,0.4327933656785018,0.7676298785983874,2.590962057806627,-0.597054779764735
0.7519458402879414,6.784163299176891,2.0089333664952354,-0.31965079415013364,0.018553757297572488
2.0825124140450755,-0.47454519624983954,-0.4736736092984604,-0.31965079415013364,0.48026016009430306
-0.5228315422126077,-0.47454519624983954,-0.4736736092984604,-0.2118503181517351,2.404036838414014
-0.3866707201133388,-0.47454519624983954,-0.4736736092984604,-0.4274512701485322,0.48026016009430306
-0.2351571990343002,0.4327933656785018,0.7676298785983874,2.0519596778146343,0.09550482443036092
0.5189714017894245,-0.47454519624983954,0.7676298785983874,0.11155110984346052,-1.0587611825614656
-0.18029017645086096,1.340131927606843,-0.4736736092984604,-0.9664536501405249,0.018553757297572488
-0.07458306872129913,-0.47454519624983954,-0.4736736092984604,-0.8586531741421264,1.2112952978557932
2.441497778832105,-0.47454519624983954,0.7676298785983874,-0.2118503181517351,0.6341622943598799
-0.2859972841804228,1.340131927606843,-0.4736736092984604,0.4349525378386561,-1.0587611825614656
2.042579288947925,0.4327933656785018,-0.4736736092984604,2.483161581808228,0.018553757297572488
-0.4894421904510968,-0.47454519624983954,-0.4736736092984604,-0.9664536501405249,0.018553757297572488
0.6925485130875209,0.4327933656785018,-0.4736736092984604,-0.2118503181517351,-0.05839730983521594
2.059693773056521,-0.47454519624983954,-0.4736736092984604,0.4349525378386561,0.8650154957582452
-0.4863374216869257,-0.47454519624983954,-0.4736736092984604,-0.6430522221453293,1.172819764289399
0.06635974158478332,-0.47454519624983954,-0.4736736092984604,0.11155110984346052,1.172819764289399
-0.12491978668775715,0.4327933656785018,0.7676298785983874,0.3271520618402576,-2.1360761224205036
4.647001076532463,2.2474704895351842,2.0089333664952354,0.3271520618402576,-0.44315264549915806
-0.3866707201133388,-0.47454519624983954,-0.4736736092984604,-0.10404984215333657,-0.13534837696800436
-0.3866707201133388,-0.47454519624983954,-0.4736736092984604,1.6207577738210401,-0.36620157836636963
-0.3866707201133388,-0.47454519624983954,-0.4736736092984604,-0.4274512701485322,0.48026016009430306
-0.3866707201133388,-0.47454519624983954,-0.4736736092984604,0.21935158584185907,-0.44315264549915806
-0.3866707201133388,-0.47454519624983954,-0.4736736092984604,-0.2118503181517351,0.7880644286254568
-0.32425318983493084,0.4327933656785018,-0.4736736092984604,1.5129572978226415,0.018553757297572488
-0.32828012727224753,0.4327933656785018,0.7676298785983874,1.189555869827446,-2.059125055287715
-0.47400492578514347,-0.47454519624983954,-0.4736736092984604,-1.182054602137322,0.9419665628910336
-0.4626791642426904,-0.47454519624983954,-0.4736736092984604,-0.5352517461469307,-0.5201037126319465
0.05629239799149171,-0.47454519624983954,-0.4736736092984604,1.189555869827446,0.018553757297572488
-0.5028639729296732,0.4327933656785018,0.7676298785983874,-0.9664536501405249,-1.135712249694254
-0.29002422161773944,0.4327933656785018,-0.4736736092984604,-0.2118503181517351,-0.36620157836636963
-0.5029485386158568,-0.47454519624983954,-0.4736736092984604,-1.0742541261389233,0.018553757297572488
-0.45714212526638004,-0.47454519624983954,-0.4736736092984604,0.003750633845061978,-0.13534837696800436
0.4589861417231558,-0.47454519624983954,0.7676298785983874,0.003750633845061978,-0.597054779764735
-0.3866707201133388,-0.47454519624983954,-0.4736736092984604,-0.2118503181517351,0.6341622943598799
-0.48977642625839407,-0.47454519624983954,-0.4736736092984604,-0.7508526981437278,0.018553757297572488
-0.48977642625839407,-0.47454519624983954,-0.4736736092984604,0.6505534898354532,0.018553757297572488
-0.08666388103324908,0.4327933656785018,4.491540342288931,-0.9664536501405249,0.7880644286254568
-0.09027201697708476,0.4327933656785018,-0.4736736092984604,-0.2118503181517351,-0.05839730983521594
-0.3573908580066095,-0.47454519624983954,0.7676298785983874,0.4349525378386561,1.172819764289399
-0.5064721088735089,-0.47454519624983954,-0.4736736092984604,-1.2898550781357205,0.4033090929615146
-0.3363340021468808,0.4327933656785018,-0.4736736092984604,-0.8586531741421264,0.018553757297572488
-0.5024451714361923,-0.47454519624983954,-0.4736736092984604,0.3271520618402576,0.018553757297572488
0.8667135572514657,0.4327933656785018,-0.4736736092984604,2.2675606298114315,2.3270857712812254
-0.5028639729296732,-0.47454519624983954,-0.4736736092984604,0.3271520618402576,0.018553757297572488
-0.49237782784290063,-0.47454519624983954,-0.4736736092984604,-0.8586531741421264,0.018553757297572488
0.7469121684912956,-0.47454519624983954,-0.4736736092984604,0.21935158584185907,-0.44315264549915806
0.4678796330534696,0.4327933656785018,-0.4736736092984604,0.003750633845061978,-0.36620157836636963
-0.5176307525123133,0.4327933656785018,-0.4736736092984604,-0.2118503181517351,-0.9048590482958886
-0.4863374216869257,-0.47454519624983954,-0.4736736092984604,-0.10404984215333657,-0.8279079811631002
2.0825124140450755,-0.47454519624983954,-0.4736736092984604,-0.8586531741421264,-0.597054779764735
-0.22408312108167944,2.2474704895351842,0.7676298785983874,-0.10404984215333657,-2.059125055287715
1.0060617003323709,0.4327933656785018,-0.4736736092984604,1.0817553938290474,0.018553757297572488
-0.5024451714361923,-0.47454519624983954,-0.4736736092984604,0.4349525378386561,-0.597054779764735
3.610064686423428,-0.47454519624983954,2.0089333664952354,-0.2118503181517351,-0.2122994441007928
-0.5676312212027554,-0.47454519624983954,-0.4736736092984604,-0.8586531741421264,-0.7509569140303118
-0.4918744606632361,-0.47454519624983954,-0.4736736092984604,0.003750633845061978,-0.8279079811631002
3.9327230485884233,-0.47454519624983954,-0.4736736092984604,-0.6430522221453293,0.9419665628910336
-0.33146744825388363,-0.47454519624983954,2.0089333664952354,0.003750633845061978,-2.213027189553292
-0.4888542575852486,-0.47454519624983954,-0.4736736092984604,-0.9664536501405249,0.17245589156314933
0.39858208016340624,0.4327933656785018,-0.4736736092984604,2.590962057806627,0.4033090929615146
-0.4894421904510968,-0.47454519624983954,-0.4736736092984604,-0.5352517461469307,0.018553757297572488
0.8314778546749452,-0.47454519624983954,-0.4736736092984604,-0.2118503181517351,-0.9048590482958886
0.2958951755118318,4.0621476133918675,2.0089333664952354,0.4349525378386561,-2.213027189553292
-0.3866707201133388,-0.47454519624983954,-0.4736736092984604,-1.182054602137322,0.48026016009430306
-0.49279662933638163,-0.47454519624983954,-0.4736736092984604,-0.7508526981437278,0.018553757297572488
-0.40680540729992204,-0.47454519624983954,-0.4736736092984604,-0.6430522221453293,-0.981810115428677
1.7677408088510642,0.4327933656785018,2.0089333664952354,-0.10404984215333657,0.48026016009430306
-0.49145565916975514,-0.47454519624983954,-0.4736736092984604,-0.5352517461469307,-0.6740058468975234
-0.4888542575852486,1.340131927606843,-0.4736736092984604,0.11155110984346052,-0.13534837696800436
1.6323350375212924,0.4327933656785018,-0.4736736092984604,-0.5352517461469307,-0.5201037126319465
-0.312172377522981,-0.47454519624983954,2.0089333664952354,2.590962057806627,-0.44315264549915806
-0.49145565916975514,-0.47454519624983954,-0.4736736092984604,-0.8586531741421264,-0.597054779764735
-0.4902797934380587,-0.47454519624983954,-0.4736736092984604,-0.8586531741421264,0.09550482443036092
-0.12491978668775715,-0.47454519624983954,-0.4736736092984604,-0.4274512701485322,1.2497708314221874
-0.43700743807979686,-0.47454519624983954,-0.4736736092984604,-1.182054602137322,-0.5201037126319465
-0.393717860628643,-0.47454519624983954,-0.4736736092984604,0.5427530138370547,-0.13534837696800436
-0.4888542575852486,-0.47454519624983954,-0.4736736092984604,-0.9664536501405249,0.7111133614926683
-0.4863374216869257,-0.47454519624983954,-0.4736736092984604,-1.2898550781357205,-0.2892505112335812
-0.4505983519307405,0.4327933656785018,-0.4736736092984604,-0.31965079415013364,-0.6740058468975234
-0.32928686163157667,0.4327933656785018,-0.4736736092984604,0.3271520618402576,-0.13534837696800436
-0.47400492578514347,-0.47454519624983954,-0.4736736092984604,-0.4274512701485322,-0.7509569140303118
-0.22559322262067316,0.4327933656785018,-0.4736736092984604,-0.9664536501405249,0.3263580258287262
-0.49237782784290063,-0.47454519624983954,-0.4736736092984604,0.5427530138370547,1.6345261670861295
-0.2708962687904854,0.4327933656785018,0.7676298785983874,0.3271520618402576,-2.059125055287715
-0.4918744606632361,-0.47454519624983954,-0.4736736092984604,0.6505534898354532,-0.6740058468975234
-0.13565761536436197,2.2474704895351842,0.7676298785983874,-0.9664536501405249,0.018553757297572488
-0.4894421904510968,-0.47454519624983954,-0.4736736092984604,-0.9664536501405249,0.018553757297572488
-0.5103319284071769,-0.47454519624983954,-0.4736736092984604,-1.2898550781357205,0.018553757297572488
1.163700193253568,0.4327933656785018,-0.4736736092984604,-0.5352517461469307,0.24940695869593776
-0.6484216535389205,-0.47454519624983954,-0.4736736092984604,0.3271520618402576,0.018553757297572488
-0.4888542575852486,-0.47454519624983954,-0.4736736092984604,-0.2118503181517351,1.0958686971566105
-0.4863374216869257,-0.47454519624983954,-0.4736736092984604,1.2973563458258444,0.018553757297572488
0.005955680025033696,0.4327933656785018,0.7676298785983874,2.159760153813033,0.3263580258287262
-0.3866707201133388,-0.47454519624983954,2.0089333664952354,0.21935158584185907,-0.9048590482958886
-0.3866707201133388,-0.47454519624983954,-0.4736736092984604,-0.10404984215333657,0.018553757297572488
-0.1621689579829361,-0.47454519624983954,2.0089333664952354,-0.2118503181517351,-1.5204675853581961
-0.4894421904510968,-0.47454519624983954,-0.4736736092984604,-0.5352517461469307,0.018553757297572488
-0.49271407711891657,-0.47454519624983954,-0.4736736092984604,-0.8586531741421264,-0.6740058468975234
-0.4898609919445778,-0.47454519624983954,-0.4736736092984604,-0.9664536501405249,-0.05839730983521594
-0.35848215805212236,0.4327933656785018,0.7676298785983874,2.9143634858018226,-0.13534837696800436
-0.2414492887801075,0.4327933656785018,0.7676298785983874,0.003750633845061978,-0.9048590482958886
-0.5024451714361923,-0.47454519624983954,-0.4736736092984604,-0.5352517461469307,0.018553757297572488
-0.12491978668775715,0.4327933656785018,-0.4736736092984604,1.7285582498194387,-0.13534837696800436
-0.12491978668775715,-0.47454519624983954,-0.4736736092984604,4.315769673781004,-0.8279079811631002
-0.49237782784290063,-0.47454519624983954,-0.4736736092984604,-1.182054602137322,0.018553757297572488
-0.4863374216869257,-0.47454519624983954,-0.4736736092984604,0.7583539658338517,0.17245589156314933
-0.11384570873513637,-0.47454519624983954,-0.4736736092984604,1.5129572978226415,-0.13534837696800436
-0.32425318983493084,0.4327933656785018,-0.4736736092984604,2.37536110580983,0.018553757297572488
-0.12491978668775715,0.4327933656785018,-0.4736736092984604,2.590962057806627,0.9419665628910336
-0.5049620073345151,-0.47454519624983954,-0.4736736092984604,-0.10404984215333657,-0.981810115428677
0.4771073601910807,0.4327933656785018,-0.4736736092984604,-0.2118503181517351,1.557575099953341
1.7677408088510642,0.4327933656785018,2.0089333664952354,-0.2118503181517351,-1.2126633168270424
0.04370821849987721,1.340131927606843,2.0089333664952354,0.9739549178306488,-0.6740058468975234
-0.2708962687904854,1.340131927606843,3.250236854392083,1.0817553938290474,-0.44315264549915806
4.647001076532463,0.4327933656785018,4.491540342288931,-1.0742541261389233,2.6348900398123787
-0.43700743807979686,-0.47454519624983954,-0.4736736092984604,1.189555869827446,0.09550482443036092
-0.11988611489111134,0.4327933656785018,0.7676298785983874,1.7285582498194387,1.172819764289399
-0.45714212526638004,-0.47454519624983954,-0.4736736092984604,-1.2898550781357205,-0.7509569140303118
-0.4918744606632361,0.4327933656785018,-0.4736736092984604,-0.2118503181517351,-0.36620157836636963
-0.3866707201133388,-0.47454519624983954,-0.4736736092984604,-0.2118503181517351,-0.13534837696800436
-0.48507900373776425,-0.47454519624983954,-0.4736736092984604,0.6505534898354532,0.018553757297572488
0.9997696105865636,-0.47454519624983954,2.0089333664952354,-0.2118503181517351,-1.9821739881549265
-0.255795253400548,-0.47454519624983954,0.7676298785983874,0.6505534898354532,-1.2896143839598309
-0.11384570873513637,-0.47454519624983954,-0.4736736092984604,0.003750633845061978,0.3263580258287262
-0.26066180729354516,1.340131927606843,0.7676298785983874,0.3271520618402576,-1.9052229210221383
-0.034313694348132716,-0.47454519624983954,-0.4736736092984604,0.3271520618402576,1.711477234218918
-0.08968408411123653,0.4327933656785018,2.0089333664952354,-0.6430522221453293,0.48026016009430306
-0.2463983948905696,0.4327933656785018,-0.4736736092984604,0.4349525378386561,0.018553757297572488
-0.08968408411123653,-0.47454519624983954,-0.4736736092984604,0.4349525378386561,0.018553757297572488
1.145663540471827,0.4327933656785018,-0.4736736092984604,-0.31965079415013364,1.4806240328205527
-0.4863374216869257,-0.47454519624983954,-0.4736736092984604,-0.8586531741421264,0.018553757297572488
-0.4894421904510968,-0.47454519624983954,-0.4736736092984604,-0.9664536501405249,-0.05839730983521594
-0.11384570873513637,-0.47454519624983954,-0.4736736092984604,-0.2118503181517351,2.711841106945167
0.395813560675251,0.4327933656785018,-0.4736736092984604,0.6505534898354532,0.018553757297572488
-0.43700743807979686,-0.47454519624983954,-0.4736736092984604,-0.8586531741421264,1.557575099953341
-0.49237782784290063,-0.47454519624983954,-0.4736736092984604,-0.6430522221453293,0.018553757297572488
-0.11384570873513637,-0.47454519624983954,-0.4736736092984604,-0.8586531741421264,1.4036729656877642
-0.4863374216869257,-0.47454519624983954,-0.4736736092984604,-0.8586531741421264,0.3263580258287262
0.12676380314453292,-0.47454519624983954,-0.4736736092984604,-1.0742541261389233,1.3267218985549758
-0.3866707201133388,-0.47454519624983954,-0.4736736092984604,0.11155110984346052,1.4036729656877642
-0.4863374216869257,-0.47454519624983954,-0.4736736092984604,-0.9664536501405249,0.018553757297572488
-0.5064721088735089,-0.47454519624983954,-0.4736736092984604,0.4349525378386561,0.6341622943598799
-0.6484216535389205,-0.47454519624983954,-0.4736736092984604,-0.6430522221453293,0.018553757297572488
-0.11384570873513637,-0.47454519624983954,-0.4736736092984604,-0.10404984215333657,2.0192815027500717
-0.4928811950225652,-0.47454519624983954,-0.4736736092984604,-0.9664536501405249,0.018553757297572488
-0.26066180729354516,1.340131927606843,0.7676298785983874,0.21935158584185907,-2.232264956336489
-0.5024451714361923,-0.47454519624983954,-0.4736736092984604,-1.0742541261389233,0.018553757297572488
-0.47400492578514347,-0.47454519624983954,-0.4736736092984604,-1.2898550781357205,0.6341622943598799
-0.08968408411123653,0.4327933656785018,2.0089333664952354,1.2973563458258444,0.24940695869593776
-0.3707300882677209,-0.47454519624983954,-0.4736736092984604,1.836358725817837,-0.5201037126319465
-0.45034666834090825,-0.47454519624983954,-0.4736736092984604,0.003750633845061978,-0.597054779764735
0.39858208016340624,-0.47454519624983954,-0.4736736092984604,0.003750633845061978,0.018553757297572488
-0.22559322262067316,0.4327933656785018,-0.4736736092984604,-0.4274512701485322,0.3263580258287262
-0.5065566745596926,0.4327933656785018,-0.4736736092984604,-0.2118503181517351,-0.05839730983521594
-0.4969926981460655,-0.47454519624983954,-0.4736736092984604,-0.2118503181517351,-0.597054779764735
-0.4010166847337793,-0.47454519624983954,0.7676298785983874,-0.31965079415013364,-2.1360761224205036
0.2958951755118318,4.0621476133918675,2.0089333664952354,0.3271520618402576,-1.5974186524909846
-0.6484216535389205,-0.47454519624983954,-0.4736736092984604,0.5427530138370547,0.018553757297572488
-0.4863374216869257,-0.47454519624983954,-0.4736736092984604,-0.31965079415013364,1.557575099953341
-0.455380340137554,-0.47454519624983954,-0.4736736092984604,-0.5352517461469307,2.5579389726795903
1.1854295476653287,0.4327933656785018,-0.4736736092984604,-0.4274512701485322,-0.36620157836636963
-0.13565761536436197,2.2474704895351842,0.7676298785983874,-0.5352517461469307,0.018553757297572488
1.163700193253568,0.4327933656785018,-0.4736736092984604,2.159760153813033,0.4033090929615146
-0.05042144409739929,-0.47454519624983954,-0.4736736092984604,-0.4274512701485322,2.1731836370156485
-0.4863374216869257,-0.47454519624983954,-0.4736736092984604,0.21935158584185907,0.018553757297572488
-0.32828012727224753,0.4327933656785018,0.7676298785983874,1.0817553938290474,-1.5974186524909846
-0.2463983948905696,0.4327933656785018,-0.4736736092984604,0.9739549178306488,0.018553757297572488
-0.5024451714361923,-0.47454519624983954,-0.4736736092984604,-0.8586531741421264,-0.6740058468975234
-0.034313694348132716,-0.47454519624983954,-0.4736736092984604,-0.10404984215333657,1.9423304356172832
0.3483299278831318,-0.47454519624983954,-0.4736736092984604,-0.4274512701485322,3.1735475097418977
-0.4863374216869257,-0.47454519624983954,-0.4736736092984604,-0.10404984215333657,-0.6740058468975234
-0.3573083057891445,-0.47454519624983954,-0.4736736092984604,-0.6430522221453293,0.018553757297572488
0.9274538680872313,0.4327933656785018,-0.4736736092984604,0.3271520618402576,1.8653793684844948
-0.3443878770215141,-0.47454519624983954,-0.4736736092984604,0.4349525378386561,0.018553757297572488
2.4029901895877646,0.4327933656785018,2.0089333664952354,2.159760153813033,-0.36620157836636963
-0.49145565916975514,-0.47454519624983954,-0.4736736092984604,-0.9664536501405249,-0.44315264549915806
-0.47400492578514347,-0.47454519624983954,-0.4736736092984604,-1.182054602137322,-0.981810115428677
-0.49237782784290063,-0.47454519624983954,-0.4736736092984604,-0.8586531741421264,-0.6740058468975234
-0.4948100980550399,-0.47454519624983954,-0.4736736092984604,0.3271520618402576,0.018553757297572488
-0.455380340137554,-0.47454519624983954,-0.4736736092984604,0.3271520618402576,0.5572112272270915
1.093228788100527,-0.47454519624983954,-0.4736736092984604,-0.6430522221453293,-1.0587611825614656
1.5442457810799908,0.4327933656785018,-0.4736736092984604,1.6207577738210401,-0.9048590482958886
-0.12491978668775715,-0.47454519624983954,2.0089333664952354,1.9441592018162357,0.24940695869593776
-0.11384570873513637,-0.47454519624983954,-0.4736736092984604,1.9441592018162357,0.018553757297572488
-0.1948878246611338,-0.47454519624983954,-0.4736736092984604,-0.31965079415013364,-0.13534837696800436
0.48910360681684706,-0.47454519624983954,-0.4736736092984604,-1.3976555541341191,-0.2892505112335812
-0.49237782784290063,-0.47454519624983954,-0.4736736092984604,-0.31965079415013364,-0.05839730983521594
-0.4863374216869257,-0.47454519624983954,-0.4736736092984604,-1.0742541261389233,0.018553757297572488
-0.11913106412161445,-0.47454519624983954,-0.4736736092984604,-0.2118503181517351,0.48026016009430306
0.5475787653441219,0.4327933656785018,-0.4736736092984604,2.0519596778146343,1.8653793684844948
-0.4974960653257301,-0.47454519624983954,-0.4736736092984604,-1.0742541261389233,-0.44315264549915806
0.036576512298389464,-0.47454519624983954,-0.4736736092984604,0.11155110984346052,1.3267218985549758
-0.43700743807979686,-0.47454519624983954,-0.4736736092984604,0.11155110984346052,0.3263580258287262
-0.1621689579829361,-0.47454519624983954,-0.4736736092984604,-1.0742541261389233,0.018553757297572488
-0.12491978668775715,0.4327933656785018,-0.4736736092984604,2.6987625338050254,0.48026016009430306
-0.4894421904510968,-0.47454519624983954,-0.4736736092984604,-0.8586531741421264,0.17245589156314933
1.2341715984066093,-0.47454519624983954,-0.4736736092984604,-0.6430522221453293,0.018553757297572488
-0.4894421904510968,-0.47454519624983954,-0.4736736092984604,-1.2898550781357205,-0.597054779764735
-0.5029485386158568,-0.47454519624983954,-0.4736736092984604,-0.9664536501405249,0.018553757297572488
0.5189714017894245,-0.47454519624983954,0.7676298785983874,2.159760153813033,1.0958686971566105
-0.5028639729296732,-0.47454519624983954,-0.4736736092984604,-1.0742541261389233,0.018553757297572488
-0.49237782784290063,-0.47454519624983954,-0.4736736092984604,-0.9664536501405249,0.826539962191851
-0.43700743807979686,-0.47454519624983954,-0.4736736092984604,-0.7508526981437278,1.557575099953341
3.817033162951754,-0.47454519624983954,-0.4736736092984604,-0.9664536501405249,0.018553757297572488
-0.4888542575852486,-0.47454519624983954,-0.4736736092984604,-0.2118503181517351,0.7111133614926683
-0.41687275089321363,1.340131927606843,0.7676298785983874,0.003750633845061978,-0.5201037126319465
-0.12491978668775715,0.4327933656785018,0.7676298785983874,-0.31965079415013364,-2.1360761224205036
-0.5028639729296732,-0.47454519624983954,-0.4736736092984604,-1.0742541261389233,0.018553757297572488
-0.5028639729296732,0.4327933656785018,0.7676298785983874,-0.7508526981437278,-0.981810115428677
-0.19824427701513722,-0.47454519624983954,2.0089333664952354,1.189555869827446,0.018553757297572488
-0.47400492578514347,-0.47454519624983954,-0.4736736092984604,-0.8586531741421264,0.018553757297572488
-0.11988611489111134,-0.47454519624983954,2.0089333664952354,-0.5352517461469307,-1.7513207867565614
-0.11384570873513637,-0.47454519624983954,-0.4736736092984604,0.6505534898354532,1.172819764289399
1.4944124302931971,-0.47454519624983954,-0.4736736092984604,-0.8586531741421264,0.018553757297572488
-0.35646868933346404,-0.47454519624983954,-0.4736736092984604,-0.31965079415013364,0.018553757297572488
0.3482453621969482,-0.47454519624983954,2.0089333664952354,0.7583539658338517,-0.597054779764735
0.7811411367084872,-0.47454519624983954,2.0089333664952354,-0.4274512701485322,0.48026016009430306
-0.01870931177853076,3.1548090514635256,2.0089333664952354,0.9739549178306488,-1.5974186524909846
-0.01870931177853076,3.1548090514635256,2.0089333664952354,0.6505534898354532,-1.4435165182254077
-0.12491978668775715,0.4327933656785018,-0.4736736092984604,-1.0742541261389233,0.17245589156314933
1.4944124302931971,0.4327933656785018,-0.4736736092984604,-0.10404984215333657,1.557575099953341
-0.12491978668775715,-0.47454519624983954,-0.4736736092984604,0.11155110984346052,2.6348900398123787
-0.12491978668775715,0.4327933656785018,-0.4736736092984604,0.6505534898354532,-0.8279079811631002
-0.3693045524149108,-0.47454519624983954,-0.4736736092984604,-0.10404984215333657,0.018553757297572488
-0.2351571990343002,0.4327933656785018,0.7676298785983874,-0.2118503181517351,0.24940695869593776
0.09152810056801232,0.4327933656785018,0.7676298785983874,0.3271520618402576,-1.674369719623773
1.5841789061771412,-0.47454519624983954,2.0089333664952354,0.003750633845061978,-0.981810115428677
-0.12491978668775715,-0.47454519624983954,-0.4736736092984604,0.003750633845061978,-0.2122994441007928
-0.49078316061772326,-0.47454519624983954,-0.4736736092984604,-0.7508526981437278,0.018553757297572488
-0.5029485386158568,-0.47454519624983954,-0.4736736092984604,0.6505534898354532,-0.597054779764735
-0.4918744606632361,-0.47454519624983954,-0.4736736092984604,-0.9664536501405249,-0.597054779764735
-0.11384570873513637,-0.47454519624983954,-0.4736736092984604,-0.9664536501405249,2.480987905546802
0.1489119590497745,0.4327933656785018,-0.4736736092984604,4.100168721784207,1.4036729656877642
3.9327230485884233,-0.47454519624983954,-0.4736736092984604,-0.8586531741421264,0.018553757297572488
0.955306180872432,0.4327933656785018,0.7676298785983874,1.189555869827446,0.7111133614926683
-0.29807809649237277,0.4327933656785018,-0.4736736092984604,1.836358725817837,0.48026016009430306
-0.49237782784290063,-0.47454519624983954,-0.4736736092984604,-0.31965079415013364,0.018553757297572488
-0.4894421904510968,-0.47454519624983954,-0.4736736092984604,-1.0742541261389233,0.7880644286254568
-0.3766033765200472,-0.47454519624983954,-0.4736736092984604,-0.10404984215333657,-0.13534837696800436
-0.4863374216869257,-0.47454519624983954,-0.4736736092984604,-1.0742541261389233,0.018553757297572488
-0.4863374216869257,-0.47454519624983954,-0.4736736092984604,0.3271520618402576,0.018553757297572488
-0.1621689579829361,1.340131927606843,-0.4736736092984604,-0.7508526981437278,-0.44315264549915806
-0.4894421904510968,-0.47454519624983954,-0.4736736092984604,-0.7508526981437278,-0.8279079811631002
-0.22408312108167944,-0.47454519624983954,4.491540342288931,1.7285582498194387,-0.05839730983521594
-0.5028639729296732,-0.47454519624983954,-0.4736736092984604,-0.8586531741421264,0.018553757297572488
-0.4902797934380587,-0.47454519624983954,-0.4736736092984604,-1.0742541261389233,0.17245589156314933
-0.43700743807979686,-0.47454519624983954,-0.4736736092984604,-0.9664536501405249,2.480987905546802
0.38809593507663365,1.340131927606843,-0.4736736092984604,1.9441592018162357,1.7884283013517064
-0.11711759540295616,-0.47454519624983954,-0.4736736092984604,0.5427530138370547,0.48026016009430306
-0.49237782784290063,-0.47454519624983954,-0.4736736092984604,-1.0742541261389233,0.018553757297572488
-0.4863374216869257,-0.47454519624983954,-0.4736736092984604,0.11155110984346052,-1.0587611825614656
-0.35646868933346404,-0.47454519624983954,-0.4736736092984604,-0.7508526981437278,-0.8279079811631002
-0.3866707201133388,-0.47454519624983954,-0.4736736092984604,-0.7508526981437278,0.3263580258287262
0.4771073601910807,0.4327933656785018,-0.4736736092984604,1.5129572978226415,0.7111133614926683
-0.3573083057891445,0.4327933656785018,-0.4736736092984604,0.5427530138370547,0.018553757297572488
-0.4888542575852486,-0.47454519624983954,-0.4736736092984604,-0.8586531741421264,0.17245589156314933
-0.04438103794142432,0.4327933656785018,0.7676298785983874,0.003750633845061978,-0.36620157836636963
1.5841789061771412,0.4327933656785018,0.7676298785983874,2.6987625338050254,0.7111133614926683
-0.12491978668775715,-0.47454519624983954,-0.4736736092984604,-0.10404984215333657,1.8653793684844948
0.15948266982273065,-0.47454519624983954,-0.4736736092984604,-0.8586531741421264,0.48026016009430306
-0.47299819142581434,-0.47454519624983954,-0.4736736092984604,-0.8586531741421264,0.018553757297572488
0.955306180872432,-0.47454519624983954,2.0089333664952354,-0.8586531741421264,-0.9048590482958886
-0.3464013457401724,-0.47454519624983954,-0.4736736092984604,-0.4274512701485322,1.3267218985549758
0.9462455716384695,0.4327933656785018,0.7676298785983874,0.5427530138370547,2.3270857712812254
-0.4863374216869257,-0.47454519624983954,-0.4736736092984604,-0.6430522221453293,-0.597054779764735
-0.4863374216869257,-0.47454519624983954,-0.4736736092984604,-0.8586531741421264,0.018553757297572488
-0.5049620073345151,-0.47454519624983954,-0.4736736092984604,-0.7508526981437278,0.4033090929615146
0.9274538680872313,0.4327933656785018,-0.4736736092984604,2.159760153813033,1.711477234218918
-0.5024451714361923,-0.47454519624983954,-0.4736736092984604,-0.10404984215333657,1.3267218985549758
-0.49237782784290063,-0.47454519624983954,2.0089333664952354,-0.9664536501405249,0.018553757297572488
-0.12491978668775715,0.4327933656785018,-0.4736736092984604,-0.4274512701485322,0.5572112272270915
-0.1621689579829361,0.4327933656785018,0.7676298785983874,0.003750633845061978,0.48026016009430306
0.016023023618325298,-0.47454519624983954,-0.4736736092984604,-0.10404984215333657,0.018553757297572488
-0.6484216535389205,-0.47454519624983954,-0.4736736092984604,-0.8586531741421264,1.4806240328205527
-0.5029485386158568,-0.47454519624983954,-0.4736736092984604,-1.0742541261389233,0.018553757297572488
0.49782998024351216,0.4327933656785018,-0.4736736092984604,1.836358725817837,1.4806240328205527
-0.10478509950117394,1.340131927606843,0.7676298785983874,2.590962057806627,-0.44315264549915806
-0.4894421904510968,-0.47454519624983954,-0.4736736092984604,-0.7508526981437278,0.018553757297572488
0.2052890831722074,-0.47454519624983954,-0.4736736092984604,-0.2118503181517351,0.018553757297572488
-0.4863374216869257,-0.47454519624983954,-0.4736736092984604,-0.2118503181517351,1.0958686971566105
-0.11384570873513637,-0.47454519624983954,-0.4736736092984604,0.4349525378386561,0.4033090929615146
-0.3353272677875516,0.4327933656785018,-0.4736736092984604,0.21935158584185907,0.48026016009430306
-0.4894421904510968,-0.47454519624983954,-0.4736736092984604,-1.0742541261389233,0.018553757297572488
-0.034313694348132716,-0.47454519624983954,-0.4736736092984604,0.003750633845061978,-0.2122994441007928
0.18876253192945994,0.4327933656785018,2.0089333664952354,2.806563009803424,-0.597054779764735
2.441497778832105,-0.47454519624983954,-0.4736736092984604,-0.2118503181517351,0.7880644286254568
-0.01870931177853076,0.4327933656785018,5.73284383018578,3.2377649137970184,0.7111133614926683
-0.5064721088735089,-0.47454519624983954,-0.4736736092984604,-0.6430522221453293,0.018553757297572488
-0.3363340021468808,0.4327933656785018,-0.4736736092984604,0.003750633845061978,0.018553757297572488
-0.49237782784290063,-0.47454519624983954,-0.4736736092984604,-1.182054602137322,0.018553757297572488
-0.4863374216869257,-0.47454519624983954,-0.4736736092984604,0.4349525378386561,0.4033090929615146
0.6603330135889879,0.4327933656785018,2.0089333664952354,-0.8586531741421264,-0.44315264549915806
-0.35848215805212236,0.4327933656785018,0.7676298785983874,-0.2118503181517351,0.3263580258287262
-0.32425318983493084,0.4327933656785018,-0.4736736092984604,2.159760153813033,-0.2892505112335812
0.13683114673782454,1.340131927606843,0.7676298785983874,0.003750633845061978,-1.9821739881549265
-0.43700743807979686,-0.47454519624983954,-0.4736736092984604,-0.8586531741421264,-0.2892505112335812
-0.3573908580066095,0.4327933656785018,-0.4736736092984604,-0.8586531741421264,-0.2122994441007928
0.40974072380221066,0.4327933656785018,-0.4736736092984604,0.11155110984346052,0.9419665628910336
-0.33146744825388363,0.4327933656785018,0.7676298785983874,-1.182054602137322,-0.7509569140303118
-0.4902797934380587,-0.47454519624983954,-0.4736736092984604,0.003750633845061978,-0.6740058468975234
-0.32425318983493084,-0.47454519624983954,-0.4736736092984604,0.003750633845061978,-0.6740058468975234
0.002347544081197954,-0.47454519624983954,-0.4736736092984604,-0.6430522221453293,2.404036838414014
-0.3997582667846179,-0.47454519624983954,-0.4736736092984604,0.3271520618402576,2.09623256988286
0.921244330558889,-0.47454519624983954,-0.4736736092984604,0.21935158584185907,-0.6740058468975234
-0.4894421904510968,-0.47454519624983954,-0.4736736092984604,-0.2118503181517351,-0.2892505112335812
-0.49271407711891657,-0.47454519624983954,-0.4736736092984604,-0.31965079415013364,0.018553757297572488
-0.04438103794142432,-0.47454519624983954,-0.4736736092984604,0.9739549178306488,3.8661071139369936
-0.5063875431873253,-0.47454519624983954,-0.4736736092984604,0.003750633845061978,1.6345261670861295
-0.034313694348132716,-0.47454519624983954,-0.4736736092984604,-0.2118503181517351,0.17245589156314933
-0.6484216535389205,-0.47454519624983954,-0.4736736092984604,0.21935158584185907,0.018553757297572488
-0.08666388103324908,2.2474704895351842,2.0089333664952354,-0.9664536501405249,-1.5974186524909846
-0.3866707201133388,-0.47454519624983954,-0.4736736092984604,-1.0742541261389233,-0.13534837696800436
-0.4888542575852486,-0.47454519624983954,-0.4736736092984604,-0.10404984215333657,0.17245589156314933
-0.11988611489111134,0.4327933656785018,0.7676298785983874,-0.8586531741421264,0.09550482443036092
0.1506737441786005,-0.47454519624983954,5.73284383018578,1.189555869827446,0.8650154957582452
-0.32425318983493084,0.4327933656785018,-0.4736736092984604,-0.10404984215333657,0.018553757297572488
-0.4902797934380587,-0.47454519624983954,-0.4736736092984604,-0.5352517461469307,-0.7509569140303118
0.7469121684912956,-0.47454519624983954,-0.4736736092984604,-0.7508526981437278,-0.44315264549915806
-0.08666388103324908,2.2474704895351842,2.0089333664952354,0.21935158584185907,-2.1360761224205036
0.48910360681684706,-0.47454519624983954,-0.4736736092984604,-1.2898550781357205,0.018553757297572488
-0.26066180729354516,1.340131927606843,0.7676298785983874,-0.5352517461469307,-2.232264956336489
0.8964967865378598,0.4327933656785018,-0.4736736092984604,-0.2118503181517351,1.4036729656877642
-0.4894421904510968,-0.47454519624983954,-0.4736736092984604,-1.0742541261389233,-0.8279079811631002
0.06635974158478332,-0.47454519624983954,-0.4736736092984604,0.8661544418322503,2.0192815027500717
-0.49640476528021726,-0.47454519624983954,-0.4736736092984604,-0.9664536501405249,0.018553757297572488
-0.49640476528021726,-0.47454519624983954,-0.4736736092984604,0.4349525378386561,-0.5201037126319465
-0.4894421904510968,-0.47454519624983954,-0.4736736092984604,-1.0742541261389233,0.018553757297572488
-0.18532384824750675,-0.47454519624983954,0.7676298785983874,-0.8586531741421264,-0.9048590482958886
-0.47861979608830835,-0.47454519624983954,-0.4736736092984604,0.3271520618402576,-0.6740058468975234
-0.49078316061772326,-0.47454519624983954,-0.4736736092984604,0.21935158584185907,0.018553757297572488
-0.5125125150294839,-0.47454519624983954,-0.4736736092984604,0.11155110984346052,-0.9048590482958886
0.8314778546749452,1.340131927606843,-0.4736736092984604,-0.2118503181517351,-0.44315264549915806
-0.4894421904510968,-0.47454519624983954,-0.4736736092984604,-0.6430522221453293,0.018553757297572488
-0.3363340021468808,0.4327933656785018,0.7676298785983874,0.21935158584185907,0.17245589156314933
-0.3866707201133388,-0.47454519624983954,-0.4736736092984604,0.11155110984346052,-0.5201037126319465
1.6323350375212924,-0.47454519624983954,2.0089333664952354,-0.10404984215333657,2.1731836370156485
2.042579288947925,1.340131927606843,-0.4736736092984604,0.21935158584185907,1.557575099953341
-0.5029485386158568,-0.47454519624983954,-0.4736736092984604,-1.0742541261389233,0.7880644286254568
-0.13322534515222276,-0.47454519624983954,-0.4736736092984604,-0.10404984215333657,1.3267218985549758
-0.4974960653257301,-0.47454519624983954,-0.4736736092984604,-1.182054602137322,0.48026016009430306
-0.4888542575852486,0.4327933656785018,-0.4736736092984604,0.003750633845061978,-0.7509569140303118
0.8314778546749452,1.340131927606843,-0.4736736092984604,-0.9664536501405249,0.17245589156314933
-0.3866707201133388,-0.47454519624983954,-0.4736736092984604,0.003750633845061978,-0.36620157836636963
-0.4918744606632361,-0.47454519624983954,-0.4736736092984604,-0.10404984215333657,0.018553757297572488
-0.4863374216869257,-0.47454519624983954,-0.4736736092984604,-1.2898550781357205,1.018917630023822
0.39858208016340624,0.4327933656785018,-0.4736736092984604,2.37536110580983,0.018553757297572488
0.13683114673782454,0.4327933656785018,0.7676298785983874,3.6689668177906123,0.7880644286254568
0.39858208016340624,0.4327933656785018,-0.4736736092984604,-0.5352517461469307,0.09550482443036092
-0.43700743807979686,-0.47454519624983954,-0.4736736092984604,0.003750633845061978,3.0965964426091093
-0.3866707201133388,-0.47454519624983954,-0.4736736092984604,-0.6430522221453293,0.09550482443036092
-0.6484216535389205,-0.47454519624983954,-0.4736736092984604,-0.10404984215333657,0.018553757297572488
-0.4918744606632361,-0.47454519624983954,-0.4736736092984604,0.3271520618402576,-0.9048590482958886
-0.4863374216869257,-0.47454519624983954,-0.4736736092984604,0.21935158584185907,-0.40467711193276384
-0.45026210265472455,-0.47454519624983954,-0.4736736092984604,-0.4274512701485322,-0.9048590482958886
0.2958951755118318,0.4327933656785018,6.974147318082627,1.2973563458258444,1.018917630023822
9.667166525013505,-0.47454519624983954,0.7676298785983874,0.7583539658338517,0.48026016009430306
-0.48457563655809965,-0.47454519624983954,-0.4736736092984604,-0.8586531741421264,0.018553757297572488
0.8964967865378598,-0.47454519624983954,-0.4736736092984604,-0.9664536501405249,-0.2122994441007928
-0.4626791642426904,-0.47454519624983954,-0.4736736092984604,0.003750633845061978,-0.7509569140303118
0.2958951755118318,4.0621476133918675,2.0089333664952354,0.003750633845061978,-1.2126633168270424
0.13683114673782454,0.4327933656785018,0.7676298785983874,0.6505534898354532,2.3270857712812254
0.18876253192945994,0.4327933656785018,2.0089333664952354,1.189555869827446,-0.36620157836636963
0.1506737441786005,3.1548090514635256,0.7676298785983874,-0.31965079415013364,-1.2126633168270424
-0.44363577710162005,-0.47454519624983954,-0.4736736092984604,-1.0742541261389233,-0.8279079811631002
-0.49145565916975514,-0.47454519624983954,-0.4736736092984604,0.4349525378386561,-0.9048590482958886
3.6067927997556075,-0.47454519624983954,0.7676298785983874,0.6505534898354532,-1.135712249694254
0.49925551609632224,0.4327933656785018,-0.4736736092984604,-0.4274512701485322,0.09550482443036092
-0.37828059596268965,-0.47454519624983954,0.7676298785983874,-0.9664536501405249,-1.9821739881549265
0.48910360681684706,-0.47454519624983954,-0.4736736092984604,-1.613256506130916,0.018553757297572488
-0.5029485386158568,-0.47454519624983954,-0.4736736092984604,-1.182054602137322,-0.36620157836636963
-0.11384570873513637,-0.47454519624983954,-0.4736736092984604,-1.2898550781357205,2.3270857712812254
-0.3766033765200472,-0.47454519624983954,-0.4736736092984604,-0.10404984215333657,1.711477234218918
-0.4863374216869257,-0.47454519624983954,-0.4736736092984604,-1.182054602137322,1.0958686971566105
-0.49271407711891657,-0.47454519624983954,-0.4736736092984604,0.5427530138370547,0.018553757297572488
1.5841789061771412,0.4327933656785018,0.7676298785983874,-0.31965079415013364,1.4806240328205527
-0.494391296561559,-0.47454519624983954,-0.4736736092984604,1.405156821824243,0.9419665628910336
3.9327230485884233,0.4327933656785018,-0.4736736092984604,2.37536110580983,-0.9048590482958886
-0.11913106412161445,-0.47454519624983954,-0.4736736092984604,0.5427530138370547,0.4033090929615146
-0.3573908580066095,-0.47454519624983954,0.7676298785983874,-0.6430522221453293,-0.9048590482958886
-0.4925449457465493,-0.47454519624983954,-0.4736736092984604,-0.6430522221453293,-0.36620157836636963
-0.4902797934380587,0.4327933656785018,-0.4736736092984604,-0.4274512701485322,-0.2892505112335812
-0.12491978668775715,-0.47454519624983954,-0.4736736092984604,2.0519596778146343,0.7111133614926683
-0.3766033765200472,-0.47454519624983954,-0.4736736092984604,0.21935158584185907,1.172819764289399
-0.11913106412161445,-0.47454519624983954,-0.4736736092984604,0.6505534898354532,0.9419665628910336
2.4029901895877646,-0.47454519624983954,-0.4736736092984604,-0.7508526981437278,-0.597054779764735
-0.3414522396297103,0.4327933656785018,0.7676298785983874,2.37536110580983,0.018553757297572488
0.3483299278831318,-0.47454519624983954,-0.4736736092984604,2.2675606298114315,-0.44315264549915806
-0.11384570873513637,-0.47454519624983954,-0.4736736092984604,-0.9664536501405249,0.018553757297572488
0.39858208016340624,0.4327933656785018,-0.4736736092984604,-0.31965079415013364,1.4036729656877642
-0.457478374542396,-0.47454519624983954,-0.4736736092984604,-0.10404984215333657,-0.05839730983521594
-0.3866707201133388,-0.47454519624983954,-0.4736736092984604,-0.6430522221453293,1.711477234218918
-0.494391296561559,-0.47454519624983954,-0.4736736092984604,1.6207577738210401,-0.8279079811631002
3.9327230485884233,-0.47454519624983954,-0.4736736092984604,0.21935158584185907,0.6341622943598799
-0.43700743807979686,-0.47454519624983954,-0.4736736092984604,0.8661544418322503,-0.2122994441007928
-0.3363340021468808,-0.47454519624983954,-0.4736736092984604,-0.8586531741421264,0.018553757297572488
-0.4918744606632361,-0.47454519624983954,-0.4736736092984604,0.11155110984346052,0.24940695869593776
0.016023023618325298,-0.47454519624983954,0.7676298785983874,0.6505534898354532,-1.8282718538893499
-0.5063875431873253,0.4327933656785018,-0.4736736092984604,-0.2118503181517351,-0.981810115428677
-0.3866707201133388,-0.47454519624983954,-0.4736736092984604,0.11155110984346052,0.3263580258287262
-0.3866707201133388,-0.47454519624983954,-0.4736736092984604,-0.4274512701485322,1.557575099953341
0.4207302360686478,0.4327933656785018,-0.4736736092984604,0.21935158584185907,-0.2122994441007928
-0.47400492578514347,-0.47454519624983954,-0.4736736092984604,-0.8586531741421264,-0.7509569140303118
-0.22559322262067316,2.2474704895351842,-0.4736736092984604,1.7285582498194387,0.018553757297572488
-0.4926295114327329,-0.47454519624983954,-0.4736736092984604,-0.31965079415013364,0.018553757297572488
-0.12491978668775715,0.4327933656785018,-0.4736736092984604,0.4349525378386561,-0.36620157836636963
-0.4888542575852486,0.4327933656785018,-0.4736736092984604,0.21935158584185907,-0.36620157836636963
3.6067927997556075,-0.47454519624983954,-0.4736736092984604,0.21935158584185907,-0.05839730983521594
-0.2701412180209885,-0.47454519624983954,-0.4736736092984604,-0.31965079415013364,-1.4435165182254077
-0.6484216535389205,-0.47454519624983954,-0.4736736092984604,-0.7508526981437278,0.018553757297572488
-0.3866707201133388,-0.47454519624983954,-0.4736736092984604,-0.10404984215333657,-0.5201037126319465
-0.3866707201133388,-0.47454519624983954,-0.4736736092984604,0.11155110984346052,-0.5201037126319465
-0.32425318983493084,-0.47454519624983954,-0.4736736092984604,-0.7508526981437278,-0.09687284340161015
0.04370821849987721,0.4327933656785018,3.250236854392083,1.2973563458258444,1.4036729656877642
9.667166525013505,-0.47454519624983954,-0.4736736092984604,-0.5352517461469307,0.4033090929615146
-0.4894421904510968,-0.47454519624983954,-0.4736736092984604,-0.9664536501405249,0.018553757297572488
-0.4894421904510968,-0.47454519624983954,-0.4736736092984604,-0.9664536501405249,0.018553757297572488
-0.04438103794142432,-0.47454519624983954,-0.4736736092984604,0.003750633845061978,0.018553757297572488
0.9391984311231651,0.4327933656785018,-0.4736736092984604,0.21935158584185907,0.48026016009430306
4.634416897040849,1.340131927606843,2.0089333664952354,1.0817553938290474,-0.6740058468975234
-0.32425318983493084,0.4327933656785018,-0.4736736092984604,-1.0742541261389233,-0.44315264549915806
-0.4888542575852486,-0.47454519624983954,-0.4736736092984604,-0.9664536501405249,0.09550482443036092
0.7811411367084872,0.4327933656785018,0.7676298785983874,0.11155110984346052,3.0965964426091093
-0.24069423801061057,0.4327933656785018,0.7676298785983874,0.003750633845061978,-1.0587611825614656
-0.3866707201133388,-0.47454519624983954,-0.4736736092984604,-0.6430522221453293,0.018553757297572488
0.4207302360686478,0.4327933656785018,-0.4736736092984604,-0.2118503181517351,-0.8279079811631002
-0.49237782784290063,-0.47454519624983954,-0.4736736092984604,-0.4274512701485322,0.09550482443036092
-0.18532384824750675,0.4327933656785018,0.7676298785983874,-1.0742541261389233,-1.9821739881549265
-0.397241430886295,-0.47454519624983954,0.7676298785983874,-0.8586531741421264,-1.8282718538893499
-0.45714212526638004,-0.47454519624983954,-0.4736736092984604,0.5427530138370547,0.24940695869593776
-0.4894421904510968,-0.47454519624983954,-0.4736736092984604,-0.9664536501405249,-0.5201037126319465
0.6603330135889879,0.4327933656785018,2.0089333664952354,0.5427530138370547,1.4036729656877642
-0.35646868933346404,0.4327933656785018,0.7676298785983874,-0.2118503181517351,-2.2384210417071118
-0.49145565916975514,-0.47454519624983954,-0.4736736092984604,0.11155110984346052,-0.13534837696800436
-0.41687275089321363,-0.47454519624983954,-0.4736736092984604,-0.31965079415013364,-0.9048590482958886
-0.4863374216869257,-0.47454519624983954,-0.4736736092984604,0.11155110984346052,0.3263580258287262
1.093228788100527,-0.47454519624983954,-0.4736736092984604,3.1299644377986198,0.24940695869593776
-0.35646868933346404,-0.47454519624983954,-0.4736736092984604,-0.9664536501405249,0.018553757297572488
-0.5049620073345151,-0.47454519624983954,-0.4736736092984604,0.3271520618402576,0.8650154957582452
-0.5028639729296732,-0.47454519624983954,-0.4736736092984604,-0.6430522221453293,-0.7509569140303118
1.7677408088510642,0.4327933656785018,2.0089333664952354,1.5129572978226415,0.48026016009430306
-0.4918744606632361,-0.47454519624983954,-0.4736736092984604,-0.5352517461469307,-1.0587611825614656
0.921244330558889,0.4327933656785018,-0.4736736092984604,0.9739549178306488,1.6345261670861295
0.1489119590497745,-0.47454519624983954,-0.4736736092984604,-0.2118503181517351,0.018553757297572488
-0.49237782784290063,-0.47454519624983954,-0.4736736092984604,-0.9664536501405249,0.0570292908639667
-0.1621689579829361,0.4327933656785018,-0.4736736092984604,-0.8586531741421264,0.018553757297572488
-0.4800453319411184,-0.47454519624983954,-0.4736736092984604,0.5427530138370547,0.17245589156314933
-0.45714212526638004,-0.47454519624983954,-0.4736736092984604,-0.5352517461469307,-0.44315264549915806
-0.4902797934380587,-0.47454519624983954,-0.4736736092984604,-0.4274512701485322,1.4036729656877642
-0.43700743807979686,-0.47454519624983954,-0.4736736092984604,-1.0742541261389233,2.09623256988286
-0.5029485386158568,-0.47454519624983954,-0.4736736092984604,-1.2898550781357205,0.018553757297572488
-0.18532384824750675,0.4327933656785018,3.250236854392083,1.0817553938290474,1.8653793684844948
-0.49237782784290063,-0.47454519624983954,-0.4736736092984604,1.2973563458258444,-0.9048590482958886
-0.49237782784290063,-0.47454519624983954,-0.4736736092984604,-1.182054602137322,0.018553757297572488
-0.397241430886295,-0.47454519624983954,-0.4736736092984604,0.21935158584185907,-1.9052229210221383
-0.4926295114327329,-0.47454519624983954,-0.4736736092984604,-0.4274512701485322,0.018553757297572488
3.6067927997556075,-0.47454519624983954,0.7676298785983874,2.806563009803424,1.018917630023822
-0.5028639729296732,-0.47454519624983954,-0.4736736092984604,-0.7508526981437278,-1.2896143839598309
0.49925551609632224,0.4327933656785018,-0.4736736092984604,1.5129572978226415,-0.981810115428677
-0.04438103794142432,-0.47454519624983954,-0.4736736092984604,-0.5352517461469307,-0.05839730983521594
-0.17626323901354432,0.4327933656785018,2.0089333664952354,-0.5352517461469307,0.018553757297572488
-0.5064721088735089,-0.47454519624983954,-0.4736736092984604,-1.182054602137322,-0.36620157836636963
-0.5024451714361923,-0.47454519624983954,-0.4736736092984604,0.7583539658338517,-0.36620157836636963
-0.4974960653257301,-0.47454519624983954,-0.4736736092984604,-0.2118503181517351,-0.9048590482958886
-0.06199888922968463,3.1548090514635256,0.7676298785983874,-0.2118503181517351,-1.674369719623773
-0.23415046467497105,0.4327933656785018,2.0089333664952354,-0.10404984215333657,-2.213027189553292
0.9462455716384695,-0.47454519624983954,-0.4736736092984604,-0.31965079415013364,1.2497708314221874
-0.49237782784290063,-0.47454519624983954,-0.4736736092984604,-0.31965079415013364,0.018553757297572488
-0.12491978668775715,-0.47454519624983954,-0.4736736092984604,-0.8586531741421264,-1.0587611825614656
0.7519458402879414,6.784163299176891,2.0089333664952354,-0.4274512701485322,0.018553757297572488
-0.030371322596999754,-0.47454519624983954,-0.4736736092984604,-0.31965079415013364,0.018553757297572488
-0.4894421904510968,-0.47454519624983954,-0.4736736092984604,-0.6430522221453293,-0.36620157836636963
-0.3866707201133388,-0.47454519624983954,-0.4736736092984604,-0.9664536501405249,0.7111133614926683
-0.1263453225405672,-0.47454519624983954,-0.4736736092984604,0.003750633845061978,1.4806240328205527
-0.4735861242916626,-0.47454519624983954,-0.4736736092984604,-1.182054602137322,0.09550482443036092
-0.5028639729296732,-0.47454519624983954,-0.4736736092984604,0.11155110984346052,0.018553757297572488
-0.1621689579829361,0.4327933656785018,0.7676298785983874,2.6987625338050254,0.018553757297572488
-0.3866707201133388,-0.47454519624983954,-0.4736736092984604,-0.7508526981437278,0.3263580258287262
-0.11988611489111134,0.4327933656785018,0.7676298785983874,1.7285582498194387,0.09550482443036092
1.7677408088510642,0.4327933656785018,2.0089333664952354,0.8661544418322503,-1.4435165182254077
-0.47694056317694733,-0.47454519624983954,0.7676298785983874,0.4349525378386561,-2.257658808490309
-0.5079822104125026,-0.47454519624983954,-0.4736736092984604,-0.4274512701485322,-0.2122994441007928
-0.4918744606632361,-0.47454519624983954,-0.4736736092984604,-0.2118503181517351,0.09550482443036092
-0.6484216535389205,-0.47454519624983954,-0.4736736092984604,-0.5352517461469307,0.7111133614926683
-0.4918744606632361,-0.47454519624983954,-0.4736736092984604,0.4349525378386561,-0.9048590482958886
-0.3866707201133388,-0.47454519624983954,-0.4736736092984604,-1.0742541261389233,0.7111133614926683
0.4207302360686478,0.4327933656785018,-0.4736736092984604,2.0519596778146343,0.24940695869593776
-0.4896093083547455,-0.47454519624983954,-0.4736736092984604,-0.5352517461469307,-0.2892505112335812
-0.1621689579829361,-0.47454519624983954,-0.4736736092984604,-1.0742541261389233,0.7111133614926683
-0.43700743807979686,-0.47454519624983954,-0.4736736092984604,-0.2118503181517351,0.4033090929615146
-0.01870931177853076,3.1548090514635256,2.0089333664952354,0.7583539658338517,-1.8282718538893499
-0.4863374216869257,-0.47454519624983954,-0.4736736092984604,-0.10404984215333657,0.0570292908639667
-0.6484216535389205,-0.47454519624983954,-0.4736736092984604,-1.182054602137322,0.018553757297572488
-0.4888542575852486,-0.47454519624983954,-0.4736736092984604,0.11155110984346052,-0.5201037126319465
0.09664633805084172,0.4327933656785018,0.7676298785983874,-0.9664536501405249,0.09550482443036092
-0.5185529211854588,-0.47454519624983954,-0.4736736092984604,0.5427530138370547,1.018917630023822
-0.08666388103324908,2.2474704895351842,2.0089333664952354,0.11155110984346052,-1.5204675853581961
1.2341715984066093,0.4327933656785018,0.7676298785983874,2.483161581808228,1.711477234218918
-0.47400492578514347,-0.47454519624983954,-0.4736736092984604,-1.0742541261389233,-0.2122994441007928
-0.6484216535389205,-0.47454519624983954,-0.4736736092984604,0.4349525378386561,0.6341622943598799
-0.397241430886295,-0.47454519624983954,0.7676298785983874,-0.9664536501405249,-0.2122994441007928
0.1506737441786005,3.1548090514635256,0.7676298785983874,0.11155110984346052,-2.1360761224205036
-0.5084855775921673,-0.47454519624983954,-0.4736736092984604,-1.2898550781357205,0.018553757297572488
0.48910360681684706,-0.47454519624983954,-0.4736736092984604,-1.613256506130916,0.018553757297572488
0.09664633805084172,-0.47454519624983954,2.0089333664952354,-0.6430522221453293,-2.213027189553292
-0.49237782784290063,-0.47454519624983954,-0.4736736092984604,0.11155110984346052,0.018553757297572488
0.962353321387736,-0.47454519624983954,-0.4736736092984604,1.5129572978226415,2.480987905546802
-0.3573908580066095,0.4327933656785018,-0.4736736092984604,1.2973563458258444,-1.135712249694254
-0.2708962687904854,0.4327933656785018,0.7676298785983874,0.4349525378386561,-2.226108870965866
-0.5028639729296732,-0.47454519624983954,-0.4736736092984604,-1.3976555541341191,0.018553757297572488
-0.4902797934380587,-0.47454519624983954,-0.4736736092984604,-0.5352517461469307,-0.5201037126319465
-0.48130374989027985,-0.47454519624983954,-0.4736736092984604,-0.5352517461469307,-0.9048590482958886
1.0259447039291216,0.4327933656785018,0.7676298785983874,0.003750633845061978,0.7111133614926683
-0.47400492578514347,-0.47454519624983954,-0.4736736092984604,-1.182054602137322,-0.6740058468975234
-0.4863374216869257,-0.47454519624983954,-0.4736736092984604,-0.8586531741421264,0.018553757297572488
0.48910360681684706,-0.47454519624983954,-0.4736736092984604,-1.2898550781357205,0.17245589156314933
-0.05042144409739929,-0.47454519624983954,-0.4736736092984604,-0.7508526981437278,0.018553757297572488
-0.4888542575852486,-0.47454519624983954,-0.4736736092984604,0.003750633845061978,-0.7509569140303118
-0.43700743807979686,-0.47454519624983954,-0.4736736092984604,-0.31965079415013364,-1.0587611825614656
-0.024246350754841113,-0.47454519624983954,-0.4736736092984604,-0.4274512701485322,0.018553757297572488
-0.5188046047752911,-0.47454519624983954,-0.4736736092984604,-0.10404984215333657,0.3648335593951204
-0.47400492578514347,-0.47454519624983954,-0.4736736092984604,-0.8586531741421264,-0.981810115428677
-0.49640476528021726,-0.47454519624983954,-0.4736736092984604,-0.8586531741421264,0.9419665628910336
0.7519458402879414,6.784163299176891,2.0089333664952354,-0.31965079415013364,0.018553757297572488
-0.4894421904510968,-0.47454519624983954,-0.4736736092984604,-0.9664536501405249,0.4033090929615146
0.016023023618325298,-0.47454519624983954,0.7676298785983874,-1.0742541261389233,-0.13534837696800436
1.145663540471827,0.4327933656785018,-0.4736736092984604,1.836358725817837,0.018553757297572488
-0.01870931177853076,3.1548090514635256,2.0089333664952354,1.2973563458258444,-1.9821739881549265
-0.4918744606632361,-0.47454519624983954,-0.4736736092984604,-0.8586531741421264,3.404400711140263
-0.3414522396297103,0.4327933656785018,0.7676298785983874,-0.4274512701485322,-1.5974186524909846
0.14488502161245778,-0.47454519624983954,0.7676298785983874,-0.2118503181517351,-1.0587611825614656
-0.12491978668775715,0.4327933656785018,-0.4736736092984604,1.9441592018162357,1.0958686971566105
-0.4601623283443675,-0.47454519624983954,0.7676298785983874,-0.10404984215333657,-0.9048590482958886
2.671117778445337,0.4327933656785018,0.7676298785983874,1.6207577738210401,1.172819764289399
-0.11384570873513637,-0.47454519624983954,-0.4736736092984604,-0.5352517461469307,1.6345261670861295
-0.26066180729354516,-0.47454519624983954,3.250236854392083,1.0817553938290474,-0.44315264549915806
-0.5028639729296732,-0.47454519624983954,-0.4736736092984604,-1.182054602137322,0.018553757297572488
-0.36435544630444866,1.340131927606843,-0.4736736092984604,-0.4274512701485322,0.8650154957582452
-0.41687275089321363,0.4327933656785018,-0.4736736092984604,0.003750633845061978,-0.6740058468975234
-0.1263453225405672,-0.47454519624983954,-0.4736736092984604,2.590962057806627,1.4036729656877642
0.7519458402879414,6.784163299176891,2.0089333664952354,0.6505534898354532,0.018553757297572488
-0.3866707201133388,-0.47454519624983954,-0.4736736092984604,-0.5352517461469307,-0.44315264549915806
-0.3866707201133388,-0.47454519624983954,-0.4736736092984604,-0.31965079415013364,0.9419665628910336
-0.3693891181010945,0.4327933656785018,-0.4736736092984604,0.11155110984346052,-0.2122994441007928
0.3682954836973478,-0.47454519624983954,-0.4736736092984604,0.9739549178306488,0.09550482443036092
-0.45714212526638004,-0.47454519624983954,-0.4736736092984604,0.003750633845061978,0.018553757297572488
-0.4242561406845337,0.4327933656785018,0.7676298785983874,0.4349525378386561,-1.9821739881549265
-0.4894421904510968,-0.47454519624983954,-0.4736736092984604,-1.0742541261389233,-0.2892505112335812
0.40974072380221066,0.4327933656785018,0.7676298785983874,2.2675606298114315,1.3267218985549758
-0.5477482176060045,-0.47454519624983954,-0.4736736092984604,-0.31965079415013364,0.24940695869593776
-0.46720946885967163,-0.47454519624983954,-0.4736736092984604,0.003750633845061978,1.3267218985549758
-0.16518916106092355,0.4327933656785018,-0.4736736092984604,1.0817553938290474,-0.13534837696800436
-0.5029485386158568,-0.47454519624983954,-0.4736736092984604,0.5427530138370547,-1.135712249694254
-0.45017955043725955,-0.47454519624983954,-0.4736736092984604,0.21935158584185907,-0.7509569140303118
-0.4894421904510968,-0.47454519624983954,-0.4736736092984604,-0.7508526981437278,-0.8279079811631002
-0.4894421904510968,-0.47454519624983954,-0.4736736092984604,-0.9664536501405249,0.018553757297572488
1.0259447039291216,-0.47454519624983954,0.7676298785983874,1.9441592018162357,2.0192815027500717
-0.12491978668775715,-0.47454519624983954,0.7676298785983874,1.836358725817837,-0.36620157836636963
-0.4894421904510968,-0.47454519624983954,-0.4736736092984604,-0.9664536501405249,0.24940695869593776
-0.4366711888037809,-0.47454519624983954,-0.4736736092984604,0.11155110984346052,-0.597054779764735
-0.43700743807979686,-0.47454519624983954,-0.4736736092984604,0.21935158584185907,-0.13534837696800436
-0.5064721088735089,-0.47454519624983954,-0.4736736092984604,-0.5352517461469307,-0.36620157836636963
-0.06199888922968463,-0.47454519624983954,5.73284383018578,0.9739549178306488,0.7111133614926683
-0.3866707201133388,-0.47454519624983954,-0.4736736092984604,-0.6430522221453293,-0.2122994441007928
-0.04438103794142432,-0.47454519624983954,-0.4736736092984604,0.11155110984346052,-0.8279079811631002
-0.17626323901354432,0.4327933656785018,2.0089333664952354,1.405156821824243,0.018553757297572488
-0.04438103794142432,-0.47454519624983954,-0.4736736092984604,-0.6430522221453293,-0.2892505112335812
-0.49237782784290063,-0.47454519624983954,-0.4736736092984604,-0.8586531741421264,0.17245589156314933
